staged_name	source_path	size_bytes	mtime_epoch	mtime_iso	sha256	copied	skip_reason
00001__data_data_com.termux_files_home_.ollama_cache_model-recommendations.json	/data/data/com.termux/files/home/.ollama/cache/model-recommendations.json	1315	1784393051	2026-07-18T16:44:11Z	036d8d35a30e0cc60871079aac27939f5de38c905fff7a25835516addda5205f	true	
00002__data_data_com.termux_files_home_ignite_apache-ignite-2.16.0-bin_examples_redis_redis-example.py	/data/data/com.termux/files/home/ignite/apache-ignite-2.16.0-bin/examples/redis/redis-example.py	1779	1702711074	2023-12-16T07:17:54Z	41776bb6f1e78471785705125264b043bc98f71e0d3238fbca9324ebb43a9297	true	
00003__data_data_com.termux_files_home_ignite_apache-ignite-2.16.0-bin_examples_src_main_resources_person.json	/data/data/com.termux/files/home/ignite/apache-ignite-2.16.0-bin/examples/src/main/resources/person.json	647	1702711074	2023-12-16T07:17:54Z	68002013635594eb45e7ddcf76180fdac1c25cb4d3486172892ccfea16d0dff1	true	
00004__data_data_com.termux_files_home_ignite_apache-ignite-2.16.0-bin_platforms_dotnet_bin_net461_Apache.Ignite.Core.deps.json	/data/data/com.termux/files/home/ignite/apache-ignite-2.16.0-bin/platforms/dotnet/bin/net461/Apache.Ignite.Core.deps.json	13748	1702711074	2023-12-16T07:17:54Z	cd964ee5318db8cf09c75ddd49f7fa1f75e3af6606dfb7ce575cccd24acad29c	true	
00005__data_data_com.termux_files_home_ignite_apache-ignite-2.16.0-bin_platforms_dotnet_bin_net461_Apache.Ignite.Linq.deps.json	/data/data/com.termux/files/home/ignite/apache-ignite-2.16.0-bin/platforms/dotnet/bin/net461/Apache.Ignite.Linq.deps.json	27438	1702711074	2023-12-16T07:17:54Z	f52b2a1755ab64fecd02d10450266e0cba9b5817053c8e13818900eac7cbdae2	true	
00006__data_data_com.termux_files_home_ignite_apache-ignite-2.16.0-bin_platforms_dotnet_bin_net461_Apache.Ignite.Log4Net.deps.j	/data/data/com.termux/files/home/ignite/apache-ignite-2.16.0-bin/platforms/dotnet/bin/net461/Apache.Ignite.Log4Net.deps.json	18353	1702711074	2023-12-16T07:17:54Z	7315cb7b347bfd3503cd8b4ef1891f6433c513e18770c947086f830a01344398	true	
00007__data_data_com.termux_files_home_ignite_apache-ignite-2.16.0-bin_platforms_dotnet_bin_net461_Apache.Ignite.NLog.deps.json	/data/data/com.termux/files/home/ignite/apache-ignite-2.16.0-bin/platforms/dotnet/bin/net461/Apache.Ignite.NLog.deps.json	14530	1702711074	2023-12-16T07:17:54Z	b73a1c5f79865e6d09683d349a6dce8fa0c74833a2a2beb7e7976075a17f7571	true	
00008__data_data_com.termux_files_home_ignite_apache-ignite-2.16.0-bin_platforms_dotnet_bin_net461_Apache.Ignite.Schema.deps.js	/data/data/com.termux/files/home/ignite/apache-ignite-2.16.0-bin/platforms/dotnet/bin/net461/Apache.Ignite.Schema.deps.json	2464	1702711074	2023-12-16T07:17:54Z	70b7006a89221c30a0ed05357e616c9f81cb7519353bf19e4dc6ae6a18884525	true	
00009__data_data_com.termux_files_home_ignite_apache-ignite-2.16.0-bin_platforms_dotnet_bin_net6.0_Apache.Ignite.Benchmarks.dep	/data/data/com.termux/files/home/ignite/apache-ignite-2.16.0-bin/platforms/dotnet/bin/net6.0/Apache.Ignite.Benchmarks.deps.json	7107	1702711074	2023-12-16T07:17:54Z	9255072bed4ba5606e4065f4f8dd63b021738521a146c3f2be8b4f65de3e731f	true	
00010__data_data_com.termux_files_home_ignite_apache-ignite-2.16.0-bin_platforms_dotnet_bin_net6.0_Apache.Ignite.Benchmarks.run	/data/data/com.termux/files/home/ignite/apache-ignite-2.16.0-bin/platforms/dotnet/bin/net6.0/Apache.Ignite.Benchmarks.runtimeconfig.json	274	1702711074	2023-12-16T07:17:54Z	49d8e253af3f08c85b3036c11730c7eaf8935e16c058d12f4410313a0625888f	true	
00011__data_data_com.termux_files_home_ignite_apache-ignite-2.16.0-bin_platforms_dotnet_bin_net6.0_Apache.Ignite.Core.deps.json	/data/data/com.termux/files/home/ignite/apache-ignite-2.16.0-bin/platforms/dotnet/bin/net6.0/Apache.Ignite.Core.deps.json	13748	1702711074	2023-12-16T07:17:54Z	cd964ee5318db8cf09c75ddd49f7fa1f75e3af6606dfb7ce575cccd24acad29c	true	
00012__data_data_com.termux_files_home_ignite_apache-ignite-2.16.0-bin_platforms_dotnet_bin_net6.0_Apache.Ignite.Executable.dep	/data/data/com.termux/files/home/ignite/apache-ignite-2.16.0-bin/platforms/dotnet/bin/net6.0/Apache.Ignite.Executable.deps.json	9509	1702711074	2023-12-16T07:17:54Z	a71752715c64fa44fa779af498f935280798e17b75a46e5ead9fd3ccf147feb4	true	
00013__data_data_com.termux_files_home_ignite_apache-ignite-2.16.0-bin_platforms_dotnet_bin_net6.0_Apache.Ignite.Executable.run	/data/data/com.termux/files/home/ignite/apache-ignite-2.16.0-bin/platforms/dotnet/bin/net6.0/Apache.Ignite.Executable.runtimeconfig.json	242	1702711074	2023-12-16T07:17:54Z	aeb46a15366e38511c192ccf65312442c64e8753b3c16fd2ca0b4cb34a5c59f3	true	
00014__data_data_com.termux_files_home_ignite_apache-ignite-2.16.0-bin_platforms_dotnet_bin_net6.0_Apache.Ignite.Linq.deps.json	/data/data/com.termux/files/home/ignite/apache-ignite-2.16.0-bin/platforms/dotnet/bin/net6.0/Apache.Ignite.Linq.deps.json	27438	1702711074	2023-12-16T07:17:54Z	f52b2a1755ab64fecd02d10450266e0cba9b5817053c8e13818900eac7cbdae2	true	
00015__data_data_com.termux_files_home_ignite_apache-ignite-2.16.0-bin_platforms_dotnet_docs_index.json	/data/data/com.termux/files/home/ignite/apache-ignite-2.16.0-bin/platforms/dotnet/docs/index.json	1009629	1702711074	2023-12-16T07:17:54Z	0fac56f79b1c57631181de837b28c91fccbd4607da400baea0ec57be2185812e	true	
00016__data_data_com.termux_files_home_ignite_apache-ignite-2.16.0-bin_platforms_dotnet_docs_manifest.json	/data/data/com.termux/files/home/ignite/apache-ignite-2.16.0-bin/platforms/dotnet/docs/manifest.json	142839	1702711074	2023-12-16T07:17:54Z	a7adf729f9765bc4d7f2cda12f0b0e171217913eb89f768b8394817243b3ee00	true	
00017__data_data_com.termux_files_home_ignite_apache-ignite-2.16.0-bin_platforms_dotnet_docs_search-stopwords.json	/data/data/com.termux/files/home/ignite/apache-ignite-2.16.0-bin/platforms/dotnet/docs/search-stopwords.json	1271	1702711074	2023-12-16T07:17:54Z	ee17c1718244b296d70177b75de60e17fc67f4a82e32346e02c31846c688a772	true	
00018__data_data_com.termux_files_home_ignite_apache-ignite-2.16.0-bin_platforms_dotnet_examples_.template.config_template.json	/data/data/com.termux/files/home/ignite/apache-ignite-2.16.0-bin/platforms/dotnet/examples/.template.config/template.json	366	1702711074	2023-12-16T07:17:54Z	f08bcf37b2b55d132db34d93ad569156eb2cf958fb4b46b455a36e78b94e5bf1	true	
00019__data_data_com.termux_files_home_ignite_apache-ignite-2.16.0-bin_platforms_dotnet_examples_.vscode_launch.json	/data/data/com.termux/files/home/ignite/apache-ignite-2.16.0-bin/platforms/dotnet/examples/.vscode/launch.json	14555	1702711074	2023-12-16T07:17:54Z	5c59e87f12a137033041d7f58d7db83318f6f6a2868f6a5f78c7f034f4288cf3	true	
00020__data_data_com.termux_files_home_ignite_apache-ignite-2.16.0-bin_platforms_dotnet_examples_.vscode_tasks.json	/data/data/com.termux/files/home/ignite/apache-ignite-2.16.0-bin/platforms/dotnet/examples/.vscode/tasks.json	438	1702711074	2023-12-16T07:17:54Z	b9ab1e4c6645ee3b592d4d7bc5ca8d31864b963a9aa77e8c4a90b284611be88e	true	
00021__data_data_com.termux_files_home_odin-worker-s24_src_odin_nfl___init__.py	/data/data/com.termux/files/home/odin-worker-s24/src/odin_nfl/__init__.py	22	1786745554	2026-08-14T22:12:34Z	7784076264bfdf48f484f37c36634f9d0fd9d13a610d16eee0cb508fd713f5ef	true	
00022__data_data_com.termux_files_home_odin-worker-s24_src_odin_nfl___main__.py	/data/data/com.termux/files/home/odin-worker-s24/src/odin_nfl/__main__.py	47	1786745553	2026-08-14T22:12:33Z	79ee6f134c5c5193377cf9b189cbdcc3e2095e49ba9cec310114441c15a917c4	true	
00023__data_data_com.termux_files_home_odin-worker-s24_src_odin_nfl_audit.py	/data/data/com.termux/files/home/odin-worker-s24/src/odin_nfl/audit.py	6602	1786745553	2026-08-14T22:12:33Z	687fb22631344ade4e3ac9a613ea66f291bf7b30aa9567e10c12cb559a9ea022	true	
00024__data_data_com.termux_files_home_odin-worker-s24_src_odin_nfl_backfill.py	/data/data/com.termux/files/home/odin-worker-s24/src/odin_nfl/backfill.py	7094	1786745555	2026-08-14T22:12:35Z	513621b61f58ed623b63b0289ebb32b9b6eb3202920475a7e7e49b846766461f	true	
00025__data_data_com.termux_files_home_odin-worker-s24_src_odin_nfl_cli.py	/data/data/com.termux/files/home/odin-worker-s24/src/odin_nfl/cli.py	15077	1786745555	2026-08-14T22:12:35Z	469ec7a4df2984f410b41aed8e064d9b5da4f511a6e81512578371fa65e3f33b	true	
00026__data_data_com.termux_files_home_odin-worker-s24_src_odin_nfl_config.py	/data/data/com.termux/files/home/odin-worker-s24/src/odin_nfl/config.py	661	1786745553	2026-08-14T22:12:33Z	5e0b37a05781be04f5f67c598a0283df349ecaf83b7c6562505abb48a24dabd5	true	
00027__data_data_com.termux_files_home_odin-worker-s24_src_odin_nfl_core.py	/data/data/com.termux/files/home/odin-worker-s24/src/odin_nfl/core.py	3824	1786745555	2026-08-14T22:12:35Z	5c69e1161d7a5208f6daff0d456e4111b2b38297c24d8b130a281c8201ee687e	true	
00028__data_data_com.termux_files_home_odin-worker-s24_src_odin_nfl_db.py	/data/data/com.termux/files/home/odin-worker-s24/src/odin_nfl/db.py	1552	1786745555	2026-08-14T22:12:35Z	0e3002ccbfd1555f7fb930fd92e0107d870a617fb8ab1e65955b415ba7107733	true	
00029__data_data_com.termux_files_home_odin-worker-s24_src_odin_nfl_distributed.py	/data/data/com.termux/files/home/odin-worker-s24/src/odin_nfl/distributed.py	7893	1786745554	2026-08-14T22:12:34Z	2384ef4911f7d7d0db0f810a286ff87496c7a5d066c7c1a8608d0c60fde855cf	true	
00030__data_data_com.termux_files_home_odin-worker-s24_src_odin_nfl_domain.py	/data/data/com.termux/files/home/odin-worker-s24/src/odin_nfl/domain.py	2107	1786745553	2026-08-14T22:12:33Z	8970597cdf48adc936a5a36ec4fec10312e5edcc7dbd313fce6d0f3ed9ae33f5	true	
00031__data_data_com.termux_files_home_odin-worker-s24_src_odin_nfl_feature_builder.py	/data/data/com.termux/files/home/odin-worker-s24/src/odin_nfl/feature_builder.py	5541	1786745553	2026-08-14T22:12:33Z	1a8d1127dfc5279d14a4142b4447cdef74c1d53adf6cf9484ae4bc01e07ef274	true	
00032__data_data_com.termux_files_home_odin-worker-s24_src_odin_nfl_features.py	/data/data/com.termux/files/home/odin-worker-s24/src/odin_nfl/features.py	1384	1786745555	2026-08-14T22:12:35Z	3bf3b09abe7ffafb314a52080285fee089a4a127772167c5afaf2cc9a69ceed6	true	
00033__data_data_com.termux_files_home_odin-worker-s24_src_odin_nfl_learning.py	/data/data/com.termux/files/home/odin-worker-s24/src/odin_nfl/learning.py	16384	1786745555	2026-08-14T22:12:35Z	619a57ffe9a6c9ea9b70ad5ede07b3534528c9014479c363c771dcabeb5197cf	true	
00034__data_data_com.termux_files_home_odin-worker-s24_src_odin_nfl_live.py	/data/data/com.termux/files/home/odin-worker-s24/src/odin_nfl/live.py	22911	1786745553	2026-08-14T22:12:33Z	a8569d26d4ba4552d5b6463c09e0edb59da415f93b941766b33af31078e66db9	true	
00035__data_data_com.termux_files_home_odin-worker-s24_src_odin_nfl_live_providers.py	/data/data/com.termux/files/home/odin-worker-s24/src/odin_nfl/live_providers.py	17328	1786745555	2026-08-14T22:12:35Z	801e6bbbbdbcdcb88cf49cf78b918baafdfb5e51e0cd609fa012916bfa84b81f	true	
00036__data_data_com.termux_files_home_odin-worker-s24_src_odin_nfl_market.py	/data/data/com.termux/files/home/odin-worker-s24/src/odin_nfl/market.py	5930	1786745553	2026-08-14T22:12:33Z	39585931e9dc78ac1bdb03186fa5b2716570c62af4621c85a32ab9d1c0b9ffb2	true	
00037__data_data_com.termux_files_home_odin-worker-s24_src_odin_nfl_models.py	/data/data/com.termux/files/home/odin-worker-s24/src/odin_nfl/models.py	8273	1786745555	2026-08-14T22:12:35Z	f02db1814c09caf507ee635a2d53d876ea86ce9dfaf2b101dd74e96d6c104425	true	
00038__data_data_com.termux_files_home_odin-worker-s24_src_odin_nfl_parlays.py	/data/data/com.termux/files/home/odin-worker-s24/src/odin_nfl/parlays.py	5455	1786745553	2026-08-14T22:12:33Z	dafeb90c8646c34325cc778705525266cc688f0d1b0c9c54a662e8347b979e2d	true	
00039__data_data_com.termux_files_home_odin-worker-s24_src_odin_nfl_report.py	/data/data/com.termux/files/home/odin-worker-s24/src/odin_nfl/report.py	4492	1786745555	2026-08-14T22:12:35Z	7dd2037780a882000e459bf80805172709ce977bfd353672102a0ceb2ac50dcc	true	
00040__data_data_com.termux_files_home_odin-worker-s24_src_odin_nfl_settlement.py	/data/data/com.termux/files/home/odin-worker-s24/src/odin_nfl/settlement.py	4821	1786745553	2026-08-14T22:12:33Z	737d04523af55d68bd11b73cd44f57d273afc307f8df6655a3aed67ae79fce75	true	
00041__data_data_com.termux_files_home_odin-worker-s24_src_odin_nfl_simulation.py	/data/data/com.termux/files/home/odin-worker-s24/src/odin_nfl/simulation.py	2233	1786745553	2026-08-14T22:12:33Z	8c47bd5fee673906c7408f5a68ccecbd20f04e9c9926a40969e43115c7f09cd9	true	
00042__data_data_com.termux_files_home_odin-worker-s24_src_odin_nfl_sources___init__.py	/data/data/com.termux/files/home/odin-worker-s24/src/odin_nfl/sources/__init__.py	78	1786745553	2026-08-14T22:12:33Z	a89e668bf4406f0fe5cea0a68588d67f44ffc885a1a9913a877041ff4c329e00	true	
00043__data_data_com.termux_files_home_odin-worker-s24_src_odin_nfl_sources_base.py	/data/data/com.termux/files/home/odin-worker-s24/src/odin_nfl/sources/base.py	649	1786745553	2026-08-14T22:12:33Z	258366ba9dbfb0a09d716e3324f52267ba0a8fccc0ff91324065de2d593bb20e	true	
00044__data_data_com.termux_files_home_odin-worker-s24_src_odin_nfl_sources_geocode.py	/data/data/com.termux/files/home/odin-worker-s24/src/odin_nfl/sources/geocode.py	2486	1786745554	2026-08-14T22:12:34Z	5fe3a0ac00f96940e32944d75df76d2062ee6408087d0fcc0c0b7142e58fd270	true	
00045__data_data_com.termux_files_home_odin-worker-s24_src_odin_nfl_sources_news.py	/data/data/com.termux/files/home/odin-worker-s24/src/odin_nfl/sources/news.py	3514	1786745553	2026-08-14T22:12:33Z	39bb4de1a0c57ad660301c886c6932a939076c3f3cb757f0c022a553a8e2366d	true	
00046__data_data_com.termux_files_home_odin-worker-s24_src_odin_nfl_sources_nflverse.py	/data/data/com.termux/files/home/odin-worker-s24/src/odin_nfl/sources/nflverse.py	1632	1786745554	2026-08-14T22:12:34Z	06d7d98839253d79f10b23f2a38771d0e1ad65b7f73eb8f71bcb76d4fd1cde04	true	
00047__data_data_com.termux_files_home_odin-worker-s24_src_odin_nfl_sources_odds_api.py	/data/data/com.termux/files/home/odin-worker-s24/src/odin_nfl/sources/odds_api.py	2621	1786745553	2026-08-14T22:12:33Z	5e1baffd492d64134f29779d7e5498bef778b5ccc23f6c38d69aa0fccaf8d4fa	true	
00048__data_data_com.termux_files_home_odin-worker-s24_src_odin_nfl_sources_registry.py	/data/data/com.termux/files/home/odin-worker-s24/src/odin_nfl/sources/registry.py	1663	1786745553	2026-08-14T22:12:33Z	2d6b456d1f1c43f3f2801008b1214efa3cfff23167b677a7c37ed5236546e0a0	true	
00049__data_data_com.termux_files_home_odin-worker-s24_src_odin_nfl_sources_weather.py	/data/data/com.termux/files/home/odin-worker-s24/src/odin_nfl/sources/weather.py	3948	1786745554	2026-08-14T22:12:34Z	62fde28f12065aa5023aa07510d236b6086e8031ac763a38384448255ce40fd6	true	
00050__data_data_com.termux_files_home_odin-worker-s24_src_odin_nfl_workflow.py	/data/data/com.termux/files/home/odin-worker-s24/src/odin_nfl/workflow.py	8203	1786745555	2026-08-14T22:12:35Z	335ec1f69835c6f6739d392474bb9c7e72f6ece92859d26c67d417f31eb3bbd7	true	
00051__data_data_com.termux_files_home_s24-wake-termux-inventory.py	/data/data/com.termux/files/home/s24-wake-termux-inventory.py	1422	1788572637	2026-09-05T01:43:57Z	58e2aed61368a31cc829ce08b5c01733579ec1b1085eb50226025dbefa84721b	true	
00052__data_data_com.termux_files_home_wake-offload_JUSTINS_S24_BATCH_T32_worker-failure-attempt1.json	/data/data/com.termux/files/home/wake-offload/JUSTINS_S24_BATCH_T32/worker-failure-attempt1.json	90	1786787255	2026-08-15T09:47:35Z	8088a25cc8f0bb12c5fd804234658f792b185eb6a987bf0ba7cc8bb4d8b21f58	true	
00053__data_data_com.termux_files_home_wake-offload_JUSTINS_S24_BATCH_T32_worker-success.json	/data/data/com.termux/files/home/wake-offload/JUSTINS_S24_BATCH_T32/worker-success.json	138	1786790267	2026-08-15T10:37:47Z	6511ee73bd11b37f70612770b9cea110a09d00917628d4d974fffe94427eddb2	true	
00054__storage_emulated_0_Download_Crave-It-Create-It-Website-App-Scaffold-v0.1.0__1__crave-it-create-it_apps_mobile_app.json	/storage/emulated/0/Download/Crave-It-Create-It-Website-App-Scaffold-v0.1.0 (1)/crave-it-create-it/apps/mobile/app.json	417	1784800697	2026-07-23T09:58:17Z	b0fda0c90f8ed340ab51baf0cdd4c36eb49eb9b6e8f21b869433d0232f6f57c6	true	
00055__storage_emulated_0_Download_Crave-It-Create-It-Website-App-Scaffold-v0.1.0__1__crave-it-create-it_apps_mobile_package.js	/storage/emulated/0/Download/Crave-It-Create-It-Website-App-Scaffold-v0.1.0 (1)/crave-it-create-it/apps/mobile/package.json	481	1784800697	2026-07-23T09:58:17Z	e1c6fe4375d03888e22ab19f9aef412a7256592364b6cdb4fd210aa045a6d182	true	
00056__storage_emulated_0_Download_Crave-It-Create-It-Website-App-Scaffold-v0.1.0__1__crave-it-create-it_apps_mobile_tsconfig.j	/storage/emulated/0/Download/Crave-It-Create-It-Website-App-Scaffold-v0.1.0 (1)/crave-it-create-it/apps/mobile/tsconfig.json	85	1784800697	2026-07-23T09:58:17Z	712583ff9cdb4b4e4f9b000a4a56d68db8dc1921cbfbc36d490a3a9f2be3dd72	true	
00057__storage_emulated_0_Download_Crave-It-Create-It-Website-App-Scaffold-v0.1.0__1__crave-it-create-it_apps_web_data_seed.jso	/storage/emulated/0/Download/Crave-It-Create-It-Website-App-Scaffold-v0.1.0 (1)/crave-it-create-it/apps/web/data/seed.json	3967	1784800799	2026-07-23T09:59:59Z	8ac42bc1e8e20bf1c59a7b70ab4cf1751dacc0e8d234017d0e0ea7e3d0a2f10c	true	
00058__storage_emulated_0_Download_Crave-It-Create-It-Website-App-Scaffold-v0.1.0__1__crave-it-create-it_data_seed.json	/storage/emulated/0/Download/Crave-It-Create-It-Website-App-Scaffold-v0.1.0 (1)/crave-it-create-it/data/seed.json	3967	1784800697	2026-07-23T09:58:17Z	8ac42bc1e8e20bf1c59a7b70ab4cf1751dacc0e8d234017d0e0ea7e3d0a2f10c	true	
00059__storage_emulated_0_Download_Crave-It-Create-It-Website-App-Scaffold-v0.1.0__1__crave-it-create-it_package.json	/storage/emulated/0/Download/Crave-It-Create-It-Website-App-Scaffold-v0.1.0 (1)/crave-it-create-it/package.json	520	1784800697	2026-07-23T09:58:17Z	d57a3925656779dded432b77159b521cbd2ca5b35a0a17a7b2f852af4e4b08c9	true	
00060__storage_emulated_0_Download_Crave-It-Create-It-Website-App-Scaffold-v0.1.0__1__crave-it-create-it_packages_contracts_pac	/storage/emulated/0/Download/Crave-It-Create-It-Website-App-Scaffold-v0.1.0 (1)/crave-it-create-it/packages/contracts/package.json	147	1784800697	2026-07-23T09:58:17Z	7f9df390dc641370503c80cfe1a39c6c863419b12993bc3df301360a034ee322	true	
00061__storage_emulated_0_Download_DCE_Command_Center_V3_Solar_V1_Audited-1_vercel.json	/storage/emulated/0/Download/DCE_Command_Center_V3_Solar_V1_Audited-1/vercel.json	430	1787035290	2026-08-18T06:41:30Z	21a6d546156eea4bfc94996a514b0b6adc4f121fd11fc303f2fc3c18bf5694f4	true	
00062__storage_emulated_0_Download_PMPMasteryApp-scaffold__1__PMPMasteryApp_src_PMPMasteryApp_Data_eco_tasks.json	/storage/emulated/0/Download/PMPMasteryApp-scaffold (1)/PMPMasteryApp/src/PMPMasteryApp/Data/eco_tasks.json	3759	1786315285	2026-08-09T22:41:25Z	39ef674cda7c5294ce4a6c9e11b2dfcf00cfd219d52258a6228f89201bf293aa	true	
00063__storage_emulated_0_Download_PMPMasteryApp-scaffold__1__PMPMasteryApp_src_PMPMasteryApp_Data_modules.json	/storage/emulated/0/Download/PMPMasteryApp-scaffold (1)/PMPMasteryApp/src/PMPMasteryApp/Data/modules.json	3681	1786315285	2026-08-09T22:41:25Z	be955c047755706d79b82313bdc6787bf7b25a8924bff960513059059ef1f225	true	
00064__storage_emulated_0_Download_PMPMasteryApp-scaffold__1__PMPMasteryApp_src_PMPMasteryApp_Data_sample_questions.json	/storage/emulated/0/Download/PMPMasteryApp-scaffold (1)/PMPMasteryApp/src/PMPMasteryApp/Data/sample_questions.json	3238	1786315285	2026-08-09T22:41:25Z	81c0b3b306995fec55e7ceb188e872cac483e5479fedc11053a57a34bdf8d4c6	true	
00065__storage_emulated_0_Download_PMPMasteryApp-scaffold-1_PMPMasteryApp_src_PMPMasteryApp_Data_eco_tasks.json	/storage/emulated/0/Download/PMPMasteryApp-scaffold-1/PMPMasteryApp/src/PMPMasteryApp/Data/eco_tasks.json	3759	1786315285	2026-08-09T22:41:25Z	39ef674cda7c5294ce4a6c9e11b2dfcf00cfd219d52258a6228f89201bf293aa	true	
00066__storage_emulated_0_Download_PMPMasteryApp-scaffold-1_PMPMasteryApp_src_PMPMasteryApp_Data_modules.json	/storage/emulated/0/Download/PMPMasteryApp-scaffold-1/PMPMasteryApp/src/PMPMasteryApp/Data/modules.json	3681	1786315285	2026-08-09T22:41:25Z	be955c047755706d79b82313bdc6787bf7b25a8924bff960513059059ef1f225	true	
00067__storage_emulated_0_Download_PMPMasteryApp-scaffold-1_PMPMasteryApp_src_PMPMasteryApp_Data_sample_questions.json	/storage/emulated/0/Download/PMPMasteryApp-scaffold-1/PMPMasteryApp/src/PMPMasteryApp/Data/sample_questions.json	3238	1786315285	2026-08-09T22:41:25Z	81c0b3b306995fec55e7ceb188e872cac483e5479fedc11053a57a34bdf8d4c6	true	
00068__storage_emulated_0_Download_READINESS-REPORT.json	/storage/emulated/0/Download/READINESS-REPORT.json	7473	1787781283	2026-08-26T21:54:43Z	2994e7010948101318d3d1cbabd9d48178b86e86b57d4e9a929266d10c1d2346	true	
00069__storage_emulated_0_Download_TheBritt_v4.0.0_Enterprise_Package_TheBritt_v4.0.0_Enterprise_Package_tests_test_agent_v4.py	/storage/emulated/0/Download/TheBritt_v4.0.0_Enterprise_Package/TheBritt_v4.0.0_Enterprise_Package/tests/test_agent_v4.py	9972	1786606526	2026-08-13T07:35:26Z	4ad385a0f85f5a0e39d654fd7bd3f91cb4974dad08e5ec33ac003bf7d86abfb3	true	
00070__storage_emulated_0_Download_TheBritt_v4.0.0_Enterprise_Package_TheBritt_v4.0.0_Enterprise_Package_tests_test_arbitration	/storage/emulated/0/Download/TheBritt_v4.0.0_Enterprise_Package/TheBritt_v4.0.0_Enterprise_Package/tests/test_arbitration.py	3897	1786606562	2026-08-13T07:36:02Z	e20b492a7d2642bfed2764743c7bf60fa9eda28f6143d62f88de30d77ff2cd17	true	
00071__storage_emulated_0_Download_TheBritt_v4.0.0_Enterprise_Package_TheBritt_v4.0.0_Enterprise_Package_tests_test_artifacts.p	/storage/emulated/0/Download/TheBritt_v4.0.0_Enterprise_Package/TheBritt_v4.0.0_Enterprise_Package/tests/test_artifacts.py	2270	1786606254	2026-08-13T07:30:54Z	06eee6d82d25ac0c7c25c2ebed95e0405f5eea26d608f6d5be4bae0581e39665	true	
00072__storage_emulated_0_Download_TheBritt_v4.0.0_Enterprise_Package_TheBritt_v4.0.0_Enterprise_Package_tests_test_capability_	/storage/emulated/0/Download/TheBritt_v4.0.0_Enterprise_Package/TheBritt_v4.0.0_Enterprise_Package/tests/test_capability_registry.py	1695	1786604498	2026-08-13T07:01:38Z	63aad42cdd2950e470c9fcfec93ed6ad333c9600b14326fa29f4f21b849927f3	true	
00073__storage_emulated_0_Download_TheBritt_v4.0.0_Enterprise_Package_TheBritt_v4.0.0_Enterprise_Package_tests_test_cli_v4.py	/storage/emulated/0/Download/TheBritt_v4.0.0_Enterprise_Package/TheBritt_v4.0.0_Enterprise_Package/tests/test_cli_v4.py	9000	1786607884	2026-08-13T07:58:04Z	d3d0b4e91a5d333361ebf76791f69029e6fb0839f4934b4b4caab33bd74a332c	true	
00074__storage_emulated_0_Download_TheBritt_v4.0.0_Enterprise_Package_TheBritt_v4.0.0_Enterprise_Package_tests_test_daemon_v4.p	/storage/emulated/0/Download/TheBritt_v4.0.0_Enterprise_Package/TheBritt_v4.0.0_Enterprise_Package/tests/test_daemon_v4.py	603	1786604946	2026-08-13T07:09:06Z	57bf341d3b3563d39d3934d5a67d526a1c24d532d628ec84a9c248377f8c4828	true	
00075__storage_emulated_0_Download_TheBritt_v4.0.0_Enterprise_Package_TheBritt_v4.0.0_Enterprise_Package_tests_test_distributed	/storage/emulated/0/Download/TheBritt_v4.0.0_Enterprise_Package/TheBritt_v4.0.0_Enterprise_Package/tests/test_distributed_routing.py	1787	1786605932	2026-08-13T07:25:32Z	5042f8ca8125e8138b67f511fb14a0a047df07ce9d2a8bd8257616c98c23aed6	true	
00076__storage_emulated_0_Download_TheBritt_v4.0.0_Enterprise_Package_TheBritt_v4.0.0_Enterprise_Package_tests_test_embeddings.	/storage/emulated/0/Download/TheBritt_v4.0.0_Enterprise_Package/TheBritt_v4.0.0_Enterprise_Package/tests/test_embeddings.py	5676	1786607586	2026-08-13T07:53:06Z	5b985bd4f47b0124bec92c60c836bda5ddc8c8dc1906170cd9979f1c38d6a4c7	true	
00077__storage_emulated_0_Download_TheBritt_v4.0.0_Enterprise_Package_TheBritt_v4.0.0_Enterprise_Package_tests_test_fleet.py	/storage/emulated/0/Download/TheBritt_v4.0.0_Enterprise_Package/TheBritt_v4.0.0_Enterprise_Package/tests/test_fleet.py	5795	1786606176	2026-08-13T07:29:36Z	38f632ea705b48c7e8f3b7fdd917e3b36accb7f471b4f263858ea73d8bf92b18	true	
00078__storage_emulated_0_Download_TheBritt_v4.0.0_Enterprise_Package_TheBritt_v4.0.0_Enterprise_Package_tests_test_gateway_rec	/storage/emulated/0/Download/TheBritt_v4.0.0_Enterprise_Package/TheBritt_v4.0.0_Enterprise_Package/tests/test_gateway_recovery.py	2444	1786607954	2026-08-13T07:59:14Z	7033a3c30c48e2d1dd40a8b886fb7c5b557688e89db15f9946d325e97ba06fa1	true	
00079__storage_emulated_0_Download_TheBritt_v4.0.0_Enterprise_Package_TheBritt_v4.0.0_Enterprise_Package_tests_test_health.py	/storage/emulated/0/Download/TheBritt_v4.0.0_Enterprise_Package/TheBritt_v4.0.0_Enterprise_Package/tests/test_health.py	1791	1786604850	2026-08-13T07:07:30Z	3beb1878029cc39edf5353a51a996dff50bc27405fee053fe84d67f686f0295a	true	
00080__storage_emulated_0_Download_TheBritt_v4.0.0_Enterprise_Package_TheBritt_v4.0.0_Enterprise_Package_tests_test_hostile_aud	/storage/emulated/0/Download/TheBritt_v4.0.0_Enterprise_Package/TheBritt_v4.0.0_Enterprise_Package/tests/test_hostile_audit.py	5309	1786604244	2026-08-13T06:57:24Z	20fedaf1f4f190f37e37d297575d04ae4417ede5f6814890031e2cd93dc60709	true	
00081__storage_emulated_0_Download_TheBritt_v4.0.0_Enterprise_Package_TheBritt_v4.0.0_Enterprise_Package_tests_test_llm_router.	/storage/emulated/0/Download/TheBritt_v4.0.0_Enterprise_Package/TheBritt_v4.0.0_Enterprise_Package/tests/test_llm_router.py	3006	1786608034	2026-08-13T08:00:34Z	e3766884aae5caae3cb9d01d30f6aef8a00f1724a54fdc0d18431eb5ccf8bc82	true	
00082__storage_emulated_0_Download_TheBritt_v4.0.0_Enterprise_Package_TheBritt_v4.0.0_Enterprise_Package_tests_test_memory.py	/storage/emulated/0/Download/TheBritt_v4.0.0_Enterprise_Package/TheBritt_v4.0.0_Enterprise_Package/tests/test_memory.py	1533	1786604244	2026-08-13T06:57:24Z	772e23c4e8e2868ca5ecbea2b23cdcc912ad2e9421d0d5281686db7b350f290c	true	
00083__storage_emulated_0_Download_TheBritt_v4.0.0_Enterprise_Package_TheBritt_v4.0.0_Enterprise_Package_tests_test_memory_v4.p	/storage/emulated/0/Download/TheBritt_v4.0.0_Enterprise_Package/TheBritt_v4.0.0_Enterprise_Package/tests/test_memory_v4.py	1429	1786604306	2026-08-13T06:58:26Z	c70d8987b73210a209fc2d3024151c5c9cd6fcc179a35a0678cb94d4cd245be9	true	
00084__storage_emulated_0_Download_TheBritt_v4.0.0_Enterprise_Package_TheBritt_v4.0.0_Enterprise_Package_tests_test_model_healt	/storage/emulated/0/Download/TheBritt_v4.0.0_Enterprise_Package/TheBritt_v4.0.0_Enterprise_Package/tests/test_model_health.py	1369	1786605602	2026-08-13T07:20:02Z	a5d486f8c5fc995c53ce8c670a3278ec126fcb184c2c9f6eac19a8e4214594d7	true	
00085__storage_emulated_0_Download_TheBritt_v4.0.0_Enterprise_Package_TheBritt_v4.0.0_Enterprise_Package_tests_test_multimodal.	/storage/emulated/0/Download/TheBritt_v4.0.0_Enterprise_Package/TheBritt_v4.0.0_Enterprise_Package/tests/test_multimodal.py	1792	1786605508	2026-08-13T07:18:28Z	8b870048be6dc1929874551a81f497698c42673d8a0caf9a73f13bdaa343b2eb	true	
00086__storage_emulated_0_Download_TheBritt_v4.0.0_Enterprise_Package_TheBritt_v4.0.0_Enterprise_Package_tests_test_nodes.py	/storage/emulated/0/Download/TheBritt_v4.0.0_Enterprise_Package/TheBritt_v4.0.0_Enterprise_Package/tests/test_nodes.py	4288	1786607776	2026-08-13T07:56:16Z	9ede3daf9938f31ae4dce74fd9c5b2324ebdbcff838c089fb29055d9bba2c82d	true	
00087__storage_emulated_0_Download_TheBritt_v4.0.0_Enterprise_Package_TheBritt_v4.0.0_Enterprise_Package_tests_test_operators.p	/storage/emulated/0/Download/TheBritt_v4.0.0_Enterprise_Package/TheBritt_v4.0.0_Enterprise_Package/tests/test_operators.py	1880	1786605464	2026-08-13T07:17:44Z	ac5fcdc4755c26b3f1721b7d24bf2089d625dac1f87f809cacf0a58042fabd2d	true	
00088__storage_emulated_0_Download_TheBritt_v4.0.0_Enterprise_Package_TheBritt_v4.0.0_Enterprise_Package_tests_test_packaging_v	/storage/emulated/0/Download/TheBritt_v4.0.0_Enterprise_Package/TheBritt_v4.0.0_Enterprise_Package/tests/test_packaging_v4.py	627	1786606682	2026-08-13T07:38:02Z	a4ebf9c39c482e5fe1c9d3e24694e1dfd5aa8d901c13ca762354adea998cd194	true	
00089__storage_emulated_0_Download_TheBritt_v4.0.0_Enterprise_Package_TheBritt_v4.0.0_Enterprise_Package_tests_test_planning.py	/storage/emulated/0/Download/TheBritt_v4.0.0_Enterprise_Package/TheBritt_v4.0.0_Enterprise_Package/tests/test_planning.py	4881	1786606468	2026-08-13T07:34:28Z	6a9cfd7b9cdaeca5960a7053a6f3da6a99d113599b45d1c5f2f25d4ab478c0c5	true	
00090__storage_emulated_0_Download_TheBritt_v4.0.0_Enterprise_Package_TheBritt_v4.0.0_Enterprise_Package_tests_test_postgres_ad	/storage/emulated/0/Download/TheBritt_v4.0.0_Enterprise_Package/TheBritt_v4.0.0_Enterprise_Package/tests/test_postgres_adapter_contract.py	2007	1786606920	2026-08-13T07:42:00Z	a78f108695c0fc9f2c54d97d615588717051a5abb7d9d54f43dd6f6894f7a440	true	
00091__storage_emulated_0_Download_TheBritt_v4.0.0_Enterprise_Package_TheBritt_v4.0.0_Enterprise_Package_tests_test_project_int	/storage/emulated/0/Download/TheBritt_v4.0.0_Enterprise_Package/TheBritt_v4.0.0_Enterprise_Package/tests/test_project_intelligence.py	2279	1786605386	2026-08-13T07:16:26Z	d16b25e3c591fc175b902a1e7512bdc72a7a9b66ed38a6ca54b2da306e4171a2	true	
00092__storage_emulated_0_Download_TheBritt_v4.0.0_Enterprise_Package_TheBritt_v4.0.0_Enterprise_Package_tests_test_recovery.py	/storage/emulated/0/Download/TheBritt_v4.0.0_Enterprise_Package/TheBritt_v4.0.0_Enterprise_Package/tests/test_recovery.py	744	1786604796	2026-08-13T07:06:36Z	2f77885063370d873100e160fe4d1a7011d63cdb3a69c00cad6e12e4d62b9a6c	true	
00093__storage_emulated_0_Download_TheBritt_v4.0.0_Enterprise_Package_TheBritt_v4.0.0_Enterprise_Package_tests_test_redis_adapt	/storage/emulated/0/Download/TheBritt_v4.0.0_Enterprise_Package/TheBritt_v4.0.0_Enterprise_Package/tests/test_redis_adapter_contract.py	2774	1786606900	2026-08-13T07:41:40Z	30a4918c68b38d5a4c0f2fc11ee95f67e49f4ac02a10faa7d5976d26e94fe58d	true	
00094__storage_emulated_0_Download_TheBritt_v4.0.0_Enterprise_Package_TheBritt_v4.0.0_Enterprise_Package_tests_test_redis_pool_	/storage/emulated/0/Download/TheBritt_v4.0.0_Enterprise_Package/TheBritt_v4.0.0_Enterprise_Package/tests/test_redis_pool_v4.py	626	1786606286	2026-08-13T07:31:26Z	20c764728c2cd0be2860156646ca5f6da7bfc932524b369e331fcfa88c6e02db	true	
00095__storage_emulated_0_Download_TheBritt_v4.0.0_Enterprise_Package_TheBritt_v4.0.0_Enterprise_Package_tests_test_resource_cl	/storage/emulated/0/Download/TheBritt_v4.0.0_Enterprise_Package/TheBritt_v4.0.0_Enterprise_Package/tests/test_resource_cleanup.py	784	1786605170	2026-08-13T07:12:50Z	cd3a561b86aeafecd7fa2454860209b27bb6bbb45302febb9f2bafaff1060797	true	
00096__storage_emulated_0_Download_TheBritt_v4.0.0_Enterprise_Package_TheBritt_v4.0.0_Enterprise_Package_tests_test_retrieval_v	/storage/emulated/0/Download/TheBritt_v4.0.0_Enterprise_Package/TheBritt_v4.0.0_Enterprise_Package/tests/test_retrieval_v4.py	1597	1786604624	2026-08-13T07:03:44Z	7047ef858b17a501a40dec44f0642cfe6d8fa539a697db145f1ddf388ddd776f	true	
00097__storage_emulated_0_Download_TheBritt_v4.0.0_Enterprise_Package_TheBritt_v4.0.0_Enterprise_Package_tests_test_scheduler_v	/storage/emulated/0/Download/TheBritt_v4.0.0_Enterprise_Package/TheBritt_v4.0.0_Enterprise_Package/tests/test_scheduler_v4.py	577	1786605752	2026-08-13T07:22:32Z	4cb3b50b4e88aaf4708204fef684484ffa27d4e688f559929982858c7ef5b6aa	true	
00098__storage_emulated_0_Download_TheBritt_v4.0.0_Enterprise_Package_TheBritt_v4.0.0_Enterprise_Package_tests_test_security.py	/storage/emulated/0/Download/TheBritt_v4.0.0_Enterprise_Package/TheBritt_v4.0.0_Enterprise_Package/tests/test_security.py	1496	1786604244	2026-08-13T06:57:24Z	4ac5788bdab64ee180c5f55f4fb27117f09a44a7493196c4f8e72eaf4ea78b78	true	
00099__storage_emulated_0_Download_TheBritt_v4.0.0_Enterprise_Package_TheBritt_v4.0.0_Enterprise_Package_tests_test_self_improv	/storage/emulated/0/Download/TheBritt_v4.0.0_Enterprise_Package/TheBritt_v4.0.0_Enterprise_Package/tests/test_self_improvement.py	1463	1786604892	2026-08-13T07:08:12Z	eb9c8db694acd6b01446808dfaf40b14409003763df378667a45a57fe2875b1c	true	
00100__storage_emulated_0_Download_TheBritt_v4.0.0_Enterprise_Package_TheBritt_v4.0.0_Enterprise_Package_tests_test_semantic_me	/storage/emulated/0/Download/TheBritt_v4.0.0_Enterprise_Package/TheBritt_v4.0.0_Enterprise_Package/tests/test_semantic_memory.py	3599	1786607586	2026-08-13T07:53:06Z	032779386ffde1a0308182503d65a483aff2061e368dd207c61bc329a5b54bcf	true	
00101__storage_emulated_0_Download_TheBritt_v4.0.0_Enterprise_Package_TheBritt_v4.0.0_Enterprise_Package_tests_test_storage.py	/storage/emulated/0/Download/TheBritt_v4.0.0_Enterprise_Package/TheBritt_v4.0.0_Enterprise_Package/tests/test_storage.py	1069	1786604304	2026-08-13T06:58:24Z	c1a9bbc5979a77e44bdae823b392960f2d11ccb166a46c34402e469cc8488583	true	
00102__storage_emulated_0_Download_TheBritt_v4.0.0_Enterprise_Package_TheBritt_v4.0.0_Enterprise_Package_tests_test_streams.py	/storage/emulated/0/Download/TheBritt_v4.0.0_Enterprise_Package/TheBritt_v4.0.0_Enterprise_Package/tests/test_streams.py	1703	1786604384	2026-08-13T06:59:44Z	9bc4f7ac8c9a95f67b9c56b2a249b95dd951d8f2e7d52bdd04bd353f75abee52	true	
00103__storage_emulated_0_Download_TheBritt_v4.0.0_Enterprise_Package_TheBritt_v4.0.0_Enterprise_Package_tests_test_telemetry.p	/storage/emulated/0/Download/TheBritt_v4.0.0_Enterprise_Package/TheBritt_v4.0.0_Enterprise_Package/tests/test_telemetry.py	987	1786604244	2026-08-13T06:57:24Z	0c83bd99d0fc9a8724a1c3944bab6165c4e77fe7a7434e2280628281ff2a7671	true	
00104__storage_emulated_0_Download_TheBritt_v4.0.0_Enterprise_Package_TheBritt_v4.0.0_Enterprise_Package_tests_test_tools.py	/storage/emulated/0/Download/TheBritt_v4.0.0_Enterprise_Package/TheBritt_v4.0.0_Enterprise_Package/tests/test_tools.py	1795	1786604244	2026-08-13T06:57:24Z	b0968e7bdd87cbe35dfc2d9b48baa437c2a664133bc8b462ab5ecad53ef42a21	true	
00105__storage_emulated_0_Download_TheBritt_v4.0.0_Enterprise_Package_TheBritt_v4.0.0_Enterprise_Package_tests_test_v4_config.p	/storage/emulated/0/Download/TheBritt_v4.0.0_Enterprise_Package/TheBritt_v4.0.0_Enterprise_Package/tests/test_v4_config.py	1770	1786606818	2026-08-13T07:40:18Z	21e4b819550fb5531126ecd2850229820303ce1dcc72259b4eef4c6ac9af4181	true	
00106__storage_emulated_0_Download_TheBritt_v4.0.0_Enterprise_Package_TheBritt_v4.0.0_Enterprise_Package_tests_test_vector_stor	/storage/emulated/0/Download/TheBritt_v4.0.0_Enterprise_Package/TheBritt_v4.0.0_Enterprise_Package/tests/test_vector_store.py	1116	1786604244	2026-08-13T06:57:24Z	d874dc7d0dca104113031515a26b44bf701e862b3d141a3606e1fb6cf1435187	true	
00107__storage_emulated_0_Download_TheBritt_v4.0.0_Enterprise_Package_TheBritt_v4.0.0_Enterprise_Package_tests_test_version_dri	/storage/emulated/0/Download/TheBritt_v4.0.0_Enterprise_Package/TheBritt_v4.0.0_Enterprise_Package/tests/test_version_drift.py	605	1786605876	2026-08-13T07:24:36Z	03d45de6d35490d9ddc6ab595e4a13ee5e2b27c85790b5ebd55b317cefeeecd8	true	
00108__storage_emulated_0_Download_TheBritt_v4.0.0_Enterprise_Package_TheBritt_v4.0.0_Enterprise_Package_tests_test_worker.py	/storage/emulated/0/Download/TheBritt_v4.0.0_Enterprise_Package/TheBritt_v4.0.0_Enterprise_Package/tests/test_worker.py	1300	1786604448	2026-08-13T07:00:48Z	32c3e8411c1a40db7920f8901140d55e132136507d32d1c9055abbb019d37cef	true	
00109__storage_emulated_0_Download_TheBritt_v4.0.0_Enterprise_Package_TheBritt_v4.0.0_Enterprise_Package_the_britt___init__.py	/storage/emulated/0/Download/TheBritt_v4.0.0_Enterprise_Package/TheBritt_v4.0.0_Enterprise_Package/the_britt/__init__.py	493	1786604274	2026-08-13T06:57:54Z	0aabaafa69c29ea368317d139f185d07a370f06a710b4d459524aa2f997fccb5	true	
00110__storage_emulated_0_Download_TheBritt_v4.0.0_Enterprise_Package_TheBritt_v4.0.0_Enterprise_Package_the_britt___main__.py	/storage/emulated/0/Download/TheBritt_v4.0.0_Enterprise_Package/TheBritt_v4.0.0_Enterprise_Package/the_britt/__main__.py	79	1786607702	2026-08-13T07:55:02Z	307299fda7b77d22c64cb51430ec75e5f59d78e9c948786afb3b2544fe45e4b7	true	
00111__storage_emulated_0_Download_TheBritt_v4.0.0_Enterprise_Package_TheBritt_v4.0.0_Enterprise_Package_the_britt_agent.py	/storage/emulated/0/Download/TheBritt_v4.0.0_Enterprise_Package/TheBritt_v4.0.0_Enterprise_Package/the_britt/agent.py	19864	1786607984	2026-08-13T07:59:44Z	82c920f746895447d9c3374adda15bda8b76cd5f7262a9730fcef9970d6df9eb	true	
00112__storage_emulated_0_Download_TheBritt_v4.0.0_Enterprise_Package_TheBritt_v4.0.0_Enterprise_Package_the_britt_arbitration.	/storage/emulated/0/Download/TheBritt_v4.0.0_Enterprise_Package/TheBritt_v4.0.0_Enterprise_Package/the_britt/arbitration.py	7138	1786606576	2026-08-13T07:36:16Z	c14ed9d098ff08553f2d4e2276dfcd6e397baf3701166a04e98d1c13adb86f6e	true	
00113__storage_emulated_0_Download_TheBritt_v4.0.0_Enterprise_Package_TheBritt_v4.0.0_Enterprise_Package_the_britt_artifacts.py	/storage/emulated/0/Download/TheBritt_v4.0.0_Enterprise_Package/TheBritt_v4.0.0_Enterprise_Package/the_britt/artifacts.py	7893	1786606266	2026-08-13T07:31:06Z	7e1e923196e676f32e4d51e78c19e3083b8b829190d91bf42bc2a95be3931ce9	true	
00114__storage_emulated_0_Download_TheBritt_v4.0.0_Enterprise_Package_TheBritt_v4.0.0_Enterprise_Package_the_britt_authority_ga	/storage/emulated/0/Download/TheBritt_v4.0.0_Enterprise_Package/TheBritt_v4.0.0_Enterprise_Package/the_britt/authority_gateway.py	10316	1786607984	2026-08-13T07:59:44Z	eded912c0fb2f499abffce3d3ec972d65a71f8f7dd5a0519070d8e23f483727a	true	
00115__storage_emulated_0_Download_TheBritt_v4.0.0_Enterprise_Package_TheBritt_v4.0.0_Enterprise_Package_the_britt_capability_p	/storage/emulated/0/Download/TheBritt_v4.0.0_Enterprise_Package/TheBritt_v4.0.0_Enterprise_Package/the_britt/capability_packages.py	3233	1786604244	2026-08-13T06:57:24Z	a9abd7d643c017fef6580bddddf2546191df90e8d6d7cfd836ede7b4c0deded9	true	
00116__storage_emulated_0_Download_TheBritt_v4.0.0_Enterprise_Package_TheBritt_v4.0.0_Enterprise_Package_the_britt_capability_r	/storage/emulated/0/Download/TheBritt_v4.0.0_Enterprise_Package/TheBritt_v4.0.0_Enterprise_Package/the_britt/capability_registry.py	3227	1786604522	2026-08-13T07:02:02Z	52c0251769df68eb0a274839db8407a5f7241b132e8a033d4e0cd1afd23e3618	true	
00117__storage_emulated_0_Download_TheBritt_v4.0.0_Enterprise_Package_TheBritt_v4.0.0_Enterprise_Package_the_britt_cli.py	/storage/emulated/0/Download/TheBritt_v4.0.0_Enterprise_Package/TheBritt_v4.0.0_Enterprise_Package/the_britt/cli.py	10115	1786607902	2026-08-13T07:58:22Z	a9a8246fc4e36d9f60dc4ec023b52370c292493b505f9e36c9f98ca698437d93	true	
00118__storage_emulated_0_Download_TheBritt_v4.0.0_Enterprise_Package_TheBritt_v4.0.0_Enterprise_Package_the_britt_config.py	/storage/emulated/0/Download/TheBritt_v4.0.0_Enterprise_Package/TheBritt_v4.0.0_Enterprise_Package/the_britt/config.py	4643	1786607410	2026-08-13T07:50:10Z	04d50c8a7524bb93b8602cc961f819b5cfafa8d8134d738774381204be476c98	true	
00119__storage_emulated_0_Download_TheBritt_v4.0.0_Enterprise_Package_TheBritt_v4.0.0_Enterprise_Package_the_britt_daemon.py	/storage/emulated/0/Download/TheBritt_v4.0.0_Enterprise_Package/TheBritt_v4.0.0_Enterprise_Package/the_britt/daemon.py	2392	1786605098	2026-08-13T07:11:38Z	f36d55776a7969b3283f00efd262fc504e1a180809e71c7468a41d7bf8e8f046	true	
00120__storage_emulated_0_Download_TheBritt_v4.0.0_Enterprise_Package_TheBritt_v4.0.0_Enterprise_Package_the_britt_embeddings.p	/storage/emulated/0/Download/TheBritt_v4.0.0_Enterprise_Package/TheBritt_v4.0.0_Enterprise_Package/the_britt/embeddings.py	6218	1786607410	2026-08-13T07:50:10Z	7d78a254faedd0ee31d5e2843958b0ad80154ee57c3466cb15d6d87b6cfa4a10	true	
00121__storage_emulated_0_Download_TheBritt_v4.0.0_Enterprise_Package_TheBritt_v4.0.0_Enterprise_Package_the_britt_enterprise_l	/storage/emulated/0/Download/TheBritt_v4.0.0_Enterprise_Package/TheBritt_v4.0.0_Enterprise_Package/the_britt/enterprise_logger.py	5372	1786604244	2026-08-13T06:57:24Z	61aacd51864a2e35855bd07c2ba9616b3052a45832e7a4337cd3de517ab59393	true	
00122__storage_emulated_0_Download_TheBritt_v4.0.0_Enterprise_Package_TheBritt_v4.0.0_Enterprise_Package_the_britt_fleet.py	/storage/emulated/0/Download/TheBritt_v4.0.0_Enterprise_Package/TheBritt_v4.0.0_Enterprise_Package/the_britt/fleet.py	7667	1786606210	2026-08-13T07:30:10Z	3f3c333ce85c02fa700713ebccb1000444873f12df58ceeac2c05dee17818264	true	
00123__storage_emulated_0_Download_TheBritt_v4.0.0_Enterprise_Package_TheBritt_v4.0.0_Enterprise_Package_the_britt_health.py	/storage/emulated/0/Download/TheBritt_v4.0.0_Enterprise_Package/TheBritt_v4.0.0_Enterprise_Package/the_britt/health.py	2886	1786604882	2026-08-13T07:08:02Z	d31a7d2f4016502518c4c810573d31c7d1d7a09c702ec19d2b6da3d5e242501c	true	
00124__storage_emulated_0_Download_TheBritt_v4.0.0_Enterprise_Package_TheBritt_v4.0.0_Enterprise_Package_the_britt_knowledge.py	/storage/emulated/0/Download/TheBritt_v4.0.0_Enterprise_Package/TheBritt_v4.0.0_Enterprise_Package/the_britt/knowledge.py	7747	1786605414	2026-08-13T07:16:54Z	badcd0715dc666413c8b42f2e4015015189093b316b36458bd7f5e3a4a8506dd	true	
00125__storage_emulated_0_Download_TheBritt_v4.0.0_Enterprise_Package_TheBritt_v4.0.0_Enterprise_Package_the_britt_llm.py	/storage/emulated/0/Download/TheBritt_v4.0.0_Enterprise_Package/TheBritt_v4.0.0_Enterprise_Package/the_britt/llm.py	20965	1786608068	2026-08-13T08:01:08Z	716d6c90cf53275b13645e91eb98f2cc46224c46d3857bc47e71d9bf4480be5a	true	
00126__storage_emulated_0_Download_TheBritt_v4.0.0_Enterprise_Package_TheBritt_v4.0.0_Enterprise_Package_the_britt_memory.py	/storage/emulated/0/Download/TheBritt_v4.0.0_Enterprise_Package/TheBritt_v4.0.0_Enterprise_Package/the_britt/memory.py	18503	1786607586	2026-08-13T07:53:06Z	c6568ee326f576c0ea8e46d72d46819bbb636e4d956d2cb99291e41a67a4dbc2	true	
00127__storage_emulated_0_Download_TheBritt_v4.0.0_Enterprise_Package_TheBritt_v4.0.0_Enterprise_Package_the_britt_multimodal.p	/storage/emulated/0/Download/TheBritt_v4.0.0_Enterprise_Package/TheBritt_v4.0.0_Enterprise_Package/the_britt/multimodal.py	4226	1786605538	2026-08-13T07:18:58Z	6e75865fbcc97b29b7657cbf4756b9591248722e5048f73ed0278736feed3d62	true	
00128__storage_emulated_0_Download_TheBritt_v4.0.0_Enterprise_Package_TheBritt_v4.0.0_Enterprise_Package_the_britt_nodes.py	/storage/emulated/0/Download/TheBritt_v4.0.0_Enterprise_Package/TheBritt_v4.0.0_Enterprise_Package/the_britt/nodes.py	7491	1786607796	2026-08-13T07:56:36Z	ee4fb14110ccfd8187116cb7d4bf9352e27e4dedbde2eb6dfb89b7d4911503b5	true	
00129__storage_emulated_0_Download_TheBritt_v4.0.0_Enterprise_Package_TheBritt_v4.0.0_Enterprise_Package_the_britt_operators.py	/storage/emulated/0/Download/TheBritt_v4.0.0_Enterprise_Package/TheBritt_v4.0.0_Enterprise_Package/the_britt/operators.py	7178	1786605456	2026-08-13T07:17:36Z	ccbf95f7d5728d3e41fcaf19a051ce108b677773dbef2b1cb50f04f9278c053a	true	
00130__storage_emulated_0_Download_TheBritt_v4.0.0_Enterprise_Package_TheBritt_v4.0.0_Enterprise_Package_the_britt_planning.py	/storage/emulated/0/Download/TheBritt_v4.0.0_Enterprise_Package/TheBritt_v4.0.0_Enterprise_Package/the_britt/planning.py	9955	1786606492	2026-08-13T07:34:52Z	03980d53e2e71aef5234819f53b9d19db7733f30c75995b263239c94cba399f7	true	
00131__storage_emulated_0_Download_TheBritt_v4.0.0_Enterprise_Package_TheBritt_v4.0.0_Enterprise_Package_the_britt_recovery.py	/storage/emulated/0/Download/TheBritt_v4.0.0_Enterprise_Package/TheBritt_v4.0.0_Enterprise_Package/the_britt/recovery.py	3678	1786604828	2026-08-13T07:07:08Z	a41df37eccdb0804d2306c14055ede454dd86a476ec5fee3bc1cd6d39d76dbb6	true	
00132__storage_emulated_0_Download_TheBritt_v4.0.0_Enterprise_Package_TheBritt_v4.0.0_Enterprise_Package_the_britt_redis_pool.p	/storage/emulated/0/Download/TheBritt_v4.0.0_Enterprise_Package/TheBritt_v4.0.0_Enterprise_Package/the_britt/redis_pool.py	3305	1786606298	2026-08-13T07:31:38Z	a6f1a6d74d132e6f9dc067b560a33a9a803be54651d897216ce54cd2b0c62ee6	true	
00133__storage_emulated_0_Download_TheBritt_v4.0.0_Enterprise_Package_TheBritt_v4.0.0_Enterprise_Package_the_britt_security.py	/storage/emulated/0/Download/TheBritt_v4.0.0_Enterprise_Package/TheBritt_v4.0.0_Enterprise_Package/the_britt/security.py	9040	1786605888	2026-08-13T07:24:48Z	ee843176676be9f99ff49f037fe40fbde95d7c7b259d51daf1485653b53ff436	true	
00134__storage_emulated_0_Download_TheBritt_v4.0.0_Enterprise_Package_TheBritt_v4.0.0_Enterprise_Package_the_britt_self_improve	/storage/emulated/0/Download/TheBritt_v4.0.0_Enterprise_Package/TheBritt_v4.0.0_Enterprise_Package/the_britt/self_improvement.py	5067	1786604910	2026-08-13T07:08:30Z	537c3ed9411aabb330b8dee77a88da97d2d1720f0862bd2c748e59fd63052ad4	true	
00135__storage_emulated_0_Download_TheBritt_v4.0.0_Enterprise_Package_TheBritt_v4.0.0_Enterprise_Package_the_britt_storage.py	/storage/emulated/0/Download/TheBritt_v4.0.0_Enterprise_Package/TheBritt_v4.0.0_Enterprise_Package/the_britt/storage.py	6165	1786604672	2026-08-13T07:04:32Z	35f2360f0b97e44405a10b0747cd8360c22d4d54bc3c92f51f53d30752dea11c	true	
00136__storage_emulated_0_Download_TheBritt_v4.0.0_Enterprise_Package_TheBritt_v4.0.0_Enterprise_Package_the_britt_streams.py	/storage/emulated/0/Download/TheBritt_v4.0.0_Enterprise_Package/TheBritt_v4.0.0_Enterprise_Package/the_britt/streams.py	15154	1786605996	2026-08-13T07:26:36Z	55c4cb7e3bad5b06fd035473f6f7cd6ff31c77ec3eda69a2a8f07a316cceb877	true	
00137__storage_emulated_0_Download_TheBritt_v4.0.0_Enterprise_Package_TheBritt_v4.0.0_Enterprise_Package_the_britt_swarm.py	/storage/emulated/0/Download/TheBritt_v4.0.0_Enterprise_Package/TheBritt_v4.0.0_Enterprise_Package/the_britt/swarm.py	6345	1786605888	2026-08-13T07:24:48Z	28874f73ce08d8ab463fec70495294c8684984e310682ffccf2c860deccd402f	true	
00138__storage_emulated_0_Download_TheBritt_v4.0.0_Enterprise_Package_TheBritt_v4.0.0_Enterprise_Package_the_britt_telemetry.py	/storage/emulated/0/Download/TheBritt_v4.0.0_Enterprise_Package/TheBritt_v4.0.0_Enterprise_Package/the_britt/telemetry.py	5954	1786604882	2026-08-13T07:08:02Z	2ab9f41afdf8df8628b8ca7f5e6f47b9ef160c1c33981e29a51b284e1dd45fd7	true	
00139__storage_emulated_0_Download_TheBritt_v4.0.0_Enterprise_Package_TheBritt_v4.0.0_Enterprise_Package_the_britt_tools___init	/storage/emulated/0/Download/TheBritt_v4.0.0_Enterprise_Package/TheBritt_v4.0.0_Enterprise_Package/the_britt/tools/__init__.py	4930	1786605480	2026-08-13T07:18:00Z	74c797a974a8bc1a3d9ddf63b613f0f6f71680ad81d47991c0268848291fb5fa	true	
00140__storage_emulated_0_Download_TheBritt_v4.0.0_Enterprise_Package_TheBritt_v4.0.0_Enterprise_Package_the_britt_tools_code_r	/storage/emulated/0/Download/TheBritt_v4.0.0_Enterprise_Package/TheBritt_v4.0.0_Enterprise_Package/the_britt/tools/code_runner.py	2955	1786605184	2026-08-13T07:13:04Z	a840f27349d369846f0a8b65ea2b83378c4fca2bbfd33c68f8ed9385a94fa7f7	true	
00141__storage_emulated_0_Download_TheBritt_v4.0.0_Enterprise_Package_TheBritt_v4.0.0_Enterprise_Package_the_britt_tools_engine	/storage/emulated/0/Download/TheBritt_v4.0.0_Enterprise_Package/TheBritt_v4.0.0_Enterprise_Package/the_britt/tools/engineering_tools.py	1287	1786605480	2026-08-13T07:18:00Z	46b307fa8c724a4509383b1e622df4505490a2dc34fad80759c7f581da975dce	true	
00142__storage_emulated_0_Download_TheBritt_v4.0.0_Enterprise_Package_TheBritt_v4.0.0_Enterprise_Package_the_britt_tools_file_t	/storage/emulated/0/Download/TheBritt_v4.0.0_Enterprise_Package/TheBritt_v4.0.0_Enterprise_Package/the_britt/tools/file_tools.py	4593	1786604244	2026-08-13T06:57:24Z	6355a9452aca36381f733917dadc6d6329885eced1c0dc7330e90548eaf4da02	true	
00143__storage_emulated_0_Download_TheBritt_v4.0.0_Enterprise_Package_TheBritt_v4.0.0_Enterprise_Package_the_britt_tools_schedu	/storage/emulated/0/Download/TheBritt_v4.0.0_Enterprise_Package/TheBritt_v4.0.0_Enterprise_Package/the_britt/tools/scheduler_tools.py	1389	1786605764	2026-08-13T07:22:44Z	8ee096fb2ca88abcc9621188347175bd2b590e88e7b3bb6d35f22d2cb8da446a	true	
00144__storage_emulated_0_Download_TheBritt_v4.0.0_Enterprise_Package_TheBritt_v4.0.0_Enterprise_Package_the_britt_tools_system	/storage/emulated/0/Download/TheBritt_v4.0.0_Enterprise_Package/TheBritt_v4.0.0_Enterprise_Package/the_britt/tools/system_tools.py	2995	1786604244	2026-08-13T06:57:24Z	567442dbb64e634d14642e90420b9bd0b3de1aee623306697cbd334474064af9	true	
00145__storage_emulated_0_Download_TheBritt_v4.0.0_Enterprise_Package_TheBritt_v4.0.0_Enterprise_Package_the_britt_tools_web_to	/storage/emulated/0/Download/TheBritt_v4.0.0_Enterprise_Package/TheBritt_v4.0.0_Enterprise_Package/the_britt/tools/web_tools.py	3707	1786604244	2026-08-13T06:57:24Z	4b703c8a8284d24a0d75db50dea2b772f6f011aaf6a9ceab5c7ef084cd7e04b8	true	
00146__storage_emulated_0_Download_TheBritt_v4.0.0_Enterprise_Package_TheBritt_v4.0.0_Enterprise_Package_the_britt_ubuntu_node.	/storage/emulated/0/Download/TheBritt_v4.0.0_Enterprise_Package/TheBritt_v4.0.0_Enterprise_Package/the_britt/ubuntu_node.py	3690	1786604486	2026-08-13T07:01:26Z	b3811a9868fe335f2317280b2bb0b0c2bf94e8d17f54ec09a0bd7dcd3af3a5db	true	
00147__storage_emulated_0_Download_TheBritt_v4.0.0_Enterprise_Package_TheBritt_v4.0.0_Enterprise_Package_the_britt_vector_store	/storage/emulated/0/Download/TheBritt_v4.0.0_Enterprise_Package/TheBritt_v4.0.0_Enterprise_Package/the_britt/vector_store.py	12640	1786607584	2026-08-13T07:53:04Z	bd8f25b16df1098be4968f19a4227b224d16ff75e8fd3b46b59b50dc48bb0d0c	true	
00148__storage_emulated_0_Download_TheBritt_v4.0.0_Enterprise_Package_TheBritt_v4.0.0_Enterprise_Package_the_britt_version.py	/storage/emulated/0/Download/TheBritt_v4.0.0_Enterprise_Package/TheBritt_v4.0.0_Enterprise_Package/the_britt/version.py	18	1786604274	2026-08-13T06:57:54Z	edf5b5d073dac31e5f4066ff714c6f461f58e6095bf88b1eaf8fc9bd6c6a0869	true	
00149__storage_emulated_0_Download_TheBritt_v4.0.0_Enterprise_Package_TheBritt_v4.0.0_Enterprise_Package_the_britt_worker.py	/storage/emulated/0/Download/TheBritt_v4.0.0_Enterprise_Package/TheBritt_v4.0.0_Enterprise_Package/the_britt/worker.py	2896	1786605996	2026-08-13T07:26:36Z	c51fc3a293de357ecbd40138c62346ffa4d07cef2bc98ab539c419968dbc3a09	true	
00150__storage_emulated_0_Download_Toms-Internet-Guide-Complete_toms-internet-guide_package.json	/storage/emulated/0/Download/Toms-Internet-Guide-Complete/toms-internet-guide/package.json	228	1785406538	2026-07-30T10:15:38Z	e8cdab4f30ec5a81f796fbe996544593ebfab32c9839b71063f420c38d300ec6	true	
00151__storage_emulated_0_Download_V_PRIME_FOUNDER_EDITION_v3.0.0_V_PRIME_FOUNDER_EDITION_v3.0.0_prime_agent.py	/storage/emulated/0/Download/V_PRIME_FOUNDER_EDITION_v3.0.0/V_PRIME_FOUNDER_EDITION_v3.0.0/prime_agent.py	97766	1786223693	2026-08-08T21:14:53Z	baaee39a03e271972f730b0e0ac5575c51fae6c4f88dc095856325a05507d2cd	true	
00152__storage_emulated_0_Download_V_PRIME_FOUNDER_EDITION_v3.0.0_V_PRIME_FOUNDER_EDITION_v3.0.0_tests_test_v_prime.py	/storage/emulated/0/Download/V_PRIME_FOUNDER_EDITION_v3.0.0/V_PRIME_FOUNDER_EDITION_v3.0.0/tests/test_v_prime.py	5670	1786223692	2026-08-08T21:14:52Z	d9dbd60fd6db68c662de514905b1ca152a0a4ac67919effe29b061416621aadb	true	
00153__storage_emulated_0_Download_V_prime_Experiment__1_.py	/storage/emulated/0/Download/V_prime_Experiment (1).py	54063	1785137736	2026-07-27T07:35:36Z	062dfa223badc2a288e947e8eceeff9e5f98e2a3c2edfa1ac1bfbc0762e8363f	true	
00154__storage_emulated_0_Download_V_prime_Experiment-1.py	/storage/emulated/0/Download/V_prime_Experiment-1.py	54063	1785174520	2026-07-27T17:48:40Z	062dfa223badc2a288e947e8eceeff9e5f98e2a3c2edfa1ac1bfbc0762e8363f	true	
00155__storage_emulated_0_Download_V_prime_Experiment.py	/storage/emulated/0/Download/V_prime_Experiment.py	54063	1785137693	2026-07-27T07:34:53Z	062dfa223badc2a288e947e8eceeff9e5f98e2a3c2edfa1ac1bfbc0762e8363f	true	
00156__storage_emulated_0_Download_athere-victory-control-v2-source-1_athere-victory-control-hardened_PUBLIC_RELEASE_MANIFEST.j	/storage/emulated/0/Download/athere-victory-control-v2-source-1/athere-victory-control-hardened/PUBLIC_RELEASE_MANIFEST.json	2141	1784766344	2026-07-23T00:25:44Z	d6a3db2c8935a13c22aeb6b5450902ea0e126898152d534f345bc2f764c78afa	true	
00157__storage_emulated_0_Download_athere-victory-control-v2-source-1_athere-victory-control-hardened_artifacts_baseline-report	/storage/emulated/0/Download/athere-victory-control-v2-source-1/athere-victory-control-hardened/artifacts/baseline-report.json	1291	1784766945	2026-07-23T00:35:45Z	68590802d14cc0e411b1e4c425e14dbfdfb5b05a0305fc795895a9598c8e9e21	true	
00158__storage_emulated_0_Download_athere-victory-control-v2-source-1_athere-victory-control-hardened_artifacts_sbom.cdx.json	/storage/emulated/0/Download/athere-victory-control-v2-source-1/athere-victory-control-hardened/artifacts/sbom.cdx.json	71520	1784766943	2026-07-23T00:35:43Z	d19c55f044478e82127fa6eec295d285232ce8a081cceab06bcddb7c330b0356	true	
00159__storage_emulated_0_Download_athere-victory-control-v2-source-1_athere-victory-control-hardened_automation_benchmark-cont	/storage/emulated/0/Download/athere-victory-control-v2-source-1/athere-victory-control-hardened/automation/benchmark-contract.schema.json	842	1784695296	2026-07-22T04:41:36Z	0e0caf762a0b4e6a603a27bd77d0d6e7bb5f826ebb2cc1a0cc1a51e6253bf32e	true	
00160__storage_emulated_0_Download_athere-victory-control-v2-source-1_athere-victory-control-hardened_automation_evidence.examp	/storage/emulated/0/Download/athere-victory-control-v2-source-1/athere-victory-control-hardened/automation/evidence.example.json	612	1784766090	2026-07-23T00:21:30Z	5e6d91af55fba3c0848695b4a723f3e0c2ebabf0d390e036828340bc9ec95b4e	true	
00161__storage_emulated_0_Download_athere-victory-control-v2-source-1_athere-victory-control-hardened_automation_evidence.schem	/storage/emulated/0/Download/athere-victory-control-v2-source-1/athere-victory-control-hardened/automation/evidence.schema.json	1816	1784766090	2026-07-23T00:21:30Z	eb14340d1cb45df15defca938effbc8e4d35151d41c07c4b292ddc1a6f96b6b9	true	
00162__storage_emulated_0_Download_athere-victory-control-v2-source-1_athere-victory-control-hardened_automation_project-profil	/storage/emulated/0/Download/athere-victory-control-v2-source-1/athere-victory-control-hardened/automation/project-profile.example.json	4855	1784695611	2026-07-22T04:46:51Z	de3c21916f4b5120e03e80da1a408d4b1330bf7cb2be7829756edbc02ccf06fa	true	
00163__storage_emulated_0_Download_athere-victory-control-v2-source-1_athere-victory-control-hardened_automation_project-profil	/storage/emulated/0/Download/athere-victory-control-v2-source-1/athere-victory-control-hardened/automation/project-profile.schema.json	1230	1784695611	2026-07-22T04:46:51Z	f6e976d870077cf13bd5473d236c26534941a833025876cedc90978599ccd977	true	
00164__storage_emulated_0_Download_athere-victory-control-v2-source-1_athere-victory-control-hardened_automation_proof-receipt.	/storage/emulated/0/Download/athere-victory-control-v2-source-1/athere-victory-control-hardened/automation/proof-receipt.schema.json	998	1784695296	2026-07-22T04:41:36Z	ef59909909e977f3be77b0ca99dd20e7a1f367cd53207dbb92b79ba4b388a15f	true	
00165__storage_emulated_0_Download_athere-victory-control-v2-source-1_athere-victory-control-hardened_automation_state.example.	/storage/emulated/0/Download/athere-victory-control-v2-source-1/athere-victory-control-hardened/automation/state.example.json	5452	1784766050	2026-07-23T00:20:50Z	b6d51abda71bdcc703738057daa038a85eab9c3f5872c0b1624ead05c7edb1f8	true	
00166__storage_emulated_0_Download_athere-victory-control-v2-source-1_athere-victory-control-hardened_data-contract.schema.json	/storage/emulated/0/Download/athere-victory-control-v2-source-1/athere-victory-control-hardened/data-contract.schema.json	11148	1784766792	2026-07-23T00:33:12Z	2dcc2e70e14a058e4bfcc6ed72ca8c2da0f9834a1e36037f3ec5fb81e1b9eadf	true	
00167__storage_emulated_0_Download_athere-victory-control-v2-source-1_athere-victory-control-hardened_package-lock.json	/storage/emulated/0/Download/athere-victory-control-v2-source-1/athere-victory-control-hardened/package-lock.json	56549	1784766408	2026-07-23T00:26:48Z	4ee9c96278fac1860bab3bb6be1db934259fcb4002e9c8d0c1489c6ae1418848	true	
00168__storage_emulated_0_Download_athere-victory-control-v2-source-1_athere-victory-control-hardened_package.json	/storage/emulated/0/Download/athere-victory-control-v2-source-1/athere-victory-control-hardened/package.json	1412	1784766278	2026-07-23T00:24:38Z	d8b1a0fa295601521508d23e125e7b3db91ffcfd0325cbe34adfa4e10b9e0c1d	true	
00169__storage_emulated_0_Download_athere-victory-control-v2-source-1_athere-victory-control-hardened_tsconfig.app.json	/storage/emulated/0/Download/athere-victory-control-v2-source-1/athere-victory-control-hardened/tsconfig.app.json	507	1784690344	2026-07-22T03:19:04Z	a7266d1c85fa6947c70073256d9a73e4c459e97b0b4ef24b5c48dcab498ef4c5	true	
00170__storage_emulated_0_Download_athere-victory-control-v2-source-1_athere-victory-control-hardened_tsconfig.json	/storage/emulated/0/Download/athere-victory-control-v2-source-1/athere-victory-control-hardened/tsconfig.json	119	1784690343	2026-07-22T03:19:03Z	770b4140bbb581e2dfd9ea9946ffc9c75a1d86ba7d2db5f77c83e37cbdf9d808	true	
00171__storage_emulated_0_Download_athere-victory-control-v2-source-1_athere-victory-control-hardened_tsconfig.node.json	/storage/emulated/0/Download/athere-victory-control-v2-source-1/athere-victory-control-hardened/tsconfig.node.json	231	1784690993	2026-07-22T03:29:53Z	3dc28b63563e20fab0d9f652f3039ed50e6c46bbdec66631a14822e8309b230d	true	
00172__storage_emulated_0_Download_athere-victory-control-v2-source_athere-victory-control-hardened_PUBLIC_RELEASE_MANIFEST.jso	/storage/emulated/0/Download/athere-victory-control-v2-source/athere-victory-control-hardened/PUBLIC_RELEASE_MANIFEST.json	2141	1784766344	2026-07-23T00:25:44Z	d6a3db2c8935a13c22aeb6b5450902ea0e126898152d534f345bc2f764c78afa	true	
00173__storage_emulated_0_Download_athere-victory-control-v2-source_athere-victory-control-hardened_artifacts_baseline-report.j	/storage/emulated/0/Download/athere-victory-control-v2-source/athere-victory-control-hardened/artifacts/baseline-report.json	1291	1784766945	2026-07-23T00:35:45Z	68590802d14cc0e411b1e4c425e14dbfdfb5b05a0305fc795895a9598c8e9e21	true	
00174__storage_emulated_0_Download_athere-victory-control-v2-source_athere-victory-control-hardened_artifacts_sbom.cdx.json	/storage/emulated/0/Download/athere-victory-control-v2-source/athere-victory-control-hardened/artifacts/sbom.cdx.json	71520	1784766943	2026-07-23T00:35:43Z	d19c55f044478e82127fa6eec295d285232ce8a081cceab06bcddb7c330b0356	true	
00175__storage_emulated_0_Download_athere-victory-control-v2-source_athere-victory-control-hardened_automation_benchmark-contra	/storage/emulated/0/Download/athere-victory-control-v2-source/athere-victory-control-hardened/automation/benchmark-contract.schema.json	842	1784695296	2026-07-22T04:41:36Z	0e0caf762a0b4e6a603a27bd77d0d6e7bb5f826ebb2cc1a0cc1a51e6253bf32e	true	
00176__storage_emulated_0_Download_athere-victory-control-v2-source_athere-victory-control-hardened_automation_evidence.example	/storage/emulated/0/Download/athere-victory-control-v2-source/athere-victory-control-hardened/automation/evidence.example.json	612	1784766090	2026-07-23T00:21:30Z	5e6d91af55fba3c0848695b4a723f3e0c2ebabf0d390e036828340bc9ec95b4e	true	
00177__storage_emulated_0_Download_athere-victory-control-v2-source_athere-victory-control-hardened_automation_evidence.schema.	/storage/emulated/0/Download/athere-victory-control-v2-source/athere-victory-control-hardened/automation/evidence.schema.json	1816	1784766090	2026-07-23T00:21:30Z	eb14340d1cb45df15defca938effbc8e4d35151d41c07c4b292ddc1a6f96b6b9	true	
00178__storage_emulated_0_Download_athere-victory-control-v2-source_athere-victory-control-hardened_automation_project-profile.	/storage/emulated/0/Download/athere-victory-control-v2-source/athere-victory-control-hardened/automation/project-profile.example.json	4855	1784695611	2026-07-22T04:46:51Z	de3c21916f4b5120e03e80da1a408d4b1330bf7cb2be7829756edbc02ccf06fa	true	
00179__storage_emulated_0_Download_athere-victory-control-v2-source_athere-victory-control-hardened_automation_project-profile.	/storage/emulated/0/Download/athere-victory-control-v2-source/athere-victory-control-hardened/automation/project-profile.schema.json	1230	1784695611	2026-07-22T04:46:51Z	f6e976d870077cf13bd5473d236c26534941a833025876cedc90978599ccd977	true	
00180__storage_emulated_0_Download_athere-victory-control-v2-source_athere-victory-control-hardened_automation_proof-receipt.sc	/storage/emulated/0/Download/athere-victory-control-v2-source/athere-victory-control-hardened/automation/proof-receipt.schema.json	998	1784695296	2026-07-22T04:41:36Z	ef59909909e977f3be77b0ca99dd20e7a1f367cd53207dbb92b79ba4b388a15f	true	
00181__storage_emulated_0_Download_athere-victory-control-v2-source_athere-victory-control-hardened_automation_state.example.js	/storage/emulated/0/Download/athere-victory-control-v2-source/athere-victory-control-hardened/automation/state.example.json	5452	1784766050	2026-07-23T00:20:50Z	b6d51abda71bdcc703738057daa038a85eab9c3f5872c0b1624ead05c7edb1f8	true	
00182__storage_emulated_0_Download_athere-victory-control-v2-source_athere-victory-control-hardened_data-contract.schema.json	/storage/emulated/0/Download/athere-victory-control-v2-source/athere-victory-control-hardened/data-contract.schema.json	11148	1784766792	2026-07-23T00:33:12Z	2dcc2e70e14a058e4bfcc6ed72ca8c2da0f9834a1e36037f3ec5fb81e1b9eadf	true	
00183__storage_emulated_0_Download_athere-victory-control-v2-source_athere-victory-control-hardened_package-lock.json	/storage/emulated/0/Download/athere-victory-control-v2-source/athere-victory-control-hardened/package-lock.json	56549	1784766408	2026-07-23T00:26:48Z	4ee9c96278fac1860bab3bb6be1db934259fcb4002e9c8d0c1489c6ae1418848	true	
00184__storage_emulated_0_Download_athere-victory-control-v2-source_athere-victory-control-hardened_package.json	/storage/emulated/0/Download/athere-victory-control-v2-source/athere-victory-control-hardened/package.json	1412	1784766278	2026-07-23T00:24:38Z	d8b1a0fa295601521508d23e125e7b3db91ffcfd0325cbe34adfa4e10b9e0c1d	true	
00185__storage_emulated_0_Download_athere-victory-control-v2-source_athere-victory-control-hardened_tsconfig.app.json	/storage/emulated/0/Download/athere-victory-control-v2-source/athere-victory-control-hardened/tsconfig.app.json	507	1784690344	2026-07-22T03:19:04Z	a7266d1c85fa6947c70073256d9a73e4c459e97b0b4ef24b5c48dcab498ef4c5	true	
00186__storage_emulated_0_Download_athere-victory-control-v2-source_athere-victory-control-hardened_tsconfig.json	/storage/emulated/0/Download/athere-victory-control-v2-source/athere-victory-control-hardened/tsconfig.json	119	1784690343	2026-07-22T03:19:03Z	770b4140bbb581e2dfd9ea9946ffc9c75a1d86ba7d2db5f77c83e37cbdf9d808	true	
00187__storage_emulated_0_Download_athere-victory-control-v2-source_athere-victory-control-hardened_tsconfig.node.json	/storage/emulated/0/Download/athere-victory-control-v2-source/athere-victory-control-hardened/tsconfig.node.json	231	1784690993	2026-07-22T03:29:53Z	3dc28b63563e20fab0d9f652f3039ed50e6c46bbdec66631a14822e8309b230d	true	
00188__storage_emulated_0_Download_beanie-baby-ebay-value-shell-3_beanie-baby-ebay-value-shell_package.json	/storage/emulated/0/Download/beanie-baby-ebay-value-shell-3/beanie-baby-ebay-value-shell/package.json	309	1782384738	2026-06-25T10:52:18Z	8f982be79a3a75e883d21956eaaafaa8b6511fe1b186f4b04c3c304963a9feab	true	
00189__storage_emulated_0_Download_cyber_ops_apex_v4_5_cyber_ops_agents_base.py	/storage/emulated/0/Download/cyber_ops_apex_v4_5/cyber_ops/agents/base.py	9200	1781382968	2026-06-13T20:36:08Z	2800b8bd370cee096436e61a76cad159bab8b5d5e9fe4d77e440e964b1fde959	true	
00190__storage_emulated_0_Download_cyber_ops_apex_v4_5_cyber_ops_agents_critic.py	/storage/emulated/0/Download/cyber_ops_apex_v4_5/cyber_ops/agents/critic.py	4763	1781382968	2026-06-13T20:36:08Z	824e89d418da78c9cc66874bb88c00f56db0a978408e38418b0cb16dd724af7c	true	
00191__storage_emulated_0_Download_cyber_ops_apex_v4_5_cyber_ops_agents_executor.py	/storage/emulated/0/Download/cyber_ops_apex_v4_5/cyber_ops/agents/executor.py	6900	1781382968	2026-06-13T20:36:08Z	8917be21a24bf7a7641fbce7b1c86b11b512031b6a5154339ce51a460bce90c8	true	
00192__storage_emulated_0_Download_cyber_ops_apex_v4_5_cyber_ops_agents_orchestrator.py	/storage/emulated/0/Download/cyber_ops_apex_v4_5/cyber_ops/agents/orchestrator.py	6532	1781382968	2026-06-13T20:36:08Z	629a7f74cccab38f7b33b1b5ccbc831e797d90d4e232c81f8befad3630f58ab8	true	
00193__storage_emulated_0_Download_cyber_ops_apex_v4_5_cyber_ops_agents_researcher.py	/storage/emulated/0/Download/cyber_ops_apex_v4_5/cyber_ops/agents/researcher.py	4839	1781382968	2026-06-13T20:36:08Z	e15dbaa4a0bfd272a74aa046971216bcac1c3551abbe15fc361f593cf3e0eda5	true	
00194__storage_emulated_0_Download_cyber_ops_apex_v4_5_cyber_ops_agents_universal_executor.py	/storage/emulated/0/Download/cyber_ops_apex_v4_5/cyber_ops/agents/universal_executor.py	2220	1781382968	2026-06-13T20:36:08Z	05baa0c5eec1146f0f90aca11d7e32af7d1a95ef9440d15f13a75f27bfa16ecc	true	
00195__storage_emulated_0_Download_cyber_ops_apex_v4_5_cyber_ops_core_adversarial_ai.py	/storage/emulated/0/Download/cyber_ops_apex_v4_5/cyber_ops/core/adversarial_ai.py	1659	1781382968	2026-06-13T20:36:08Z	cb4d1ace9f62a34162b085c2300f8811c4b58372574f397e0550a6e584d383b2	true	
00196__storage_emulated_0_Download_cyber_ops_apex_v4_5_cyber_ops_core_alm.py	/storage/emulated/0/Download/cyber_ops_apex_v4_5/cyber_ops/core/alm.py	2184	1781382968	2026-06-13T20:36:08Z	f3a9360a583500ed9e8e07d1f18b5b5cf5e4de9497b8d5a0ca3a0c0922074246	true	
00197__storage_emulated_0_Download_cyber_ops_apex_v4_5_cyber_ops_core_bus.py	/storage/emulated/0/Download/cyber_ops_apex_v4_5/cyber_ops/core/bus.py	2268	1781382968	2026-06-13T20:36:08Z	e0981b5dbb9d0c469f207cf85a839e8c2e74d5d765af7d367e03663a4f143909	true	
00198__storage_emulated_0_Download_cyber_ops_apex_v4_5_cyber_ops_core_c2_healing.py	/storage/emulated/0/Download/cyber_ops_apex_v4_5/cyber_ops/core/c2_healing.py	1702	1781382968	2026-06-13T20:36:08Z	481d6ca73ccb851d927fa398cf4384dd98f2c5054b2afed45fe94ac93fbb2a91	true	
00199__storage_emulated_0_Download_cyber_ops_apex_v4_5_cyber_ops_core_counter_intel.py	/storage/emulated/0/Download/cyber_ops_apex_v4_5/cyber_ops/core/counter_intel.py	1341	1781382968	2026-06-13T20:36:08Z	987c54042df6852ec8fd6e206abf5e3c054a59ada3c9507db02e92db4bc0d672	true	
00200__storage_emulated_0_Download_cyber_ops_apex_v4_5_cyber_ops_core_edge_sync.py	/storage/emulated/0/Download/cyber_ops_apex_v4_5/cyber_ops/core/edge_sync.py	1594	1781382968	2026-06-13T20:36:08Z	32d8853665b03c84bfca64f049b6b1a8c01545c9650102b4d4f950fbe2687866	true	
00201__storage_emulated_0_Download_cyber_ops_apex_v4_5_cyber_ops_core_evasion.py	/storage/emulated/0/Download/cyber_ops_apex_v4_5/cyber_ops/core/evasion.py	1049	1781382968	2026-06-13T20:36:08Z	7f5358bb36bcf03c40a7211b93df3bfbad2bd7918723d8e0364254c3e5a742f5	true	
00202__storage_emulated_0_Download_cyber_ops_apex_v4_5_cyber_ops_core_ghost_probe.py	/storage/emulated/0/Download/cyber_ops_apex_v4_5/cyber_ops/core/ghost_probe.py	1801	1781382968	2026-06-13T20:36:08Z	107ebdd6685da004602c94d0181a7dd243e341c550143bdcc230a6f0bafe3fe4	true	
00203__storage_emulated_0_Download_cyber_ops_apex_v4_5_cyber_ops_core_mobile_tactical.py	/storage/emulated/0/Download/cyber_ops_apex_v4_5/cyber_ops/core/mobile_tactical.py	1142	1781382968	2026-06-13T20:36:08Z	736b9d6dc782dd300d1fecf82acf8de4a2366ae14329d0bbf54f037e7bc11ad9	true	
00204__storage_emulated_0_Download_cyber_ops_apex_v4_5_cyber_ops_core_neural_gen.py	/storage/emulated/0/Download/cyber_ops_apex_v4_5/cyber_ops/core/neural_gen.py	1392	1781382968	2026-06-13T20:36:08Z	7bbcb200c9662c44a403f7a541de749bef1c49c2088fbde2f939f6f68d123790	true	
00205__storage_emulated_0_Download_cyber_ops_apex_v4_5_cyber_ops_core_persistence.py	/storage/emulated/0/Download/cyber_ops_apex_v4_5/cyber_ops/core/persistence.py	1406	1781382968	2026-06-13T20:36:08Z	6f53f2923446f023cc9d485b695ecc6e7189efbdf4a2a9b228b4c0246a559a68	true	
00206__storage_emulated_0_Download_cyber_ops_apex_v4_5_cyber_ops_core_sentinel.py	/storage/emulated/0/Download/cyber_ops_apex_v4_5/cyber_ops/core/sentinel.py	1841	1781382968	2026-06-13T20:36:08Z	18d2071d82538dd29bb89802f2c5d565db6abedbb31ea5529f0a151065271b6c	true	
00207__storage_emulated_0_Download_cyber_ops_apex_v4_5_cyber_ops_core_swarm_consensus.py	/storage/emulated/0/Download/cyber_ops_apex_v4_5/cyber_ops/core/swarm_consensus.py	1399	1781382968	2026-06-13T20:36:08Z	7197ce95c6acaafad7c277c5f418406b300d7b71259a37c328fa4e3b04b8fa9d	true	
00208__storage_emulated_0_Download_cyber_ops_apex_v4_5_cyber_ops_core_tkb.py	/storage/emulated/0/Download/cyber_ops_apex_v4_5/cyber_ops/core/tkb.py	2240	1781382968	2026-06-13T20:36:08Z	0071369425bbe109dc757a9d022702406970c17aa01e5b6f2a767aa3400452e1	true	
00209__storage_emulated_0_Download_cyber_ops_apex_v4_5_cyber_ops_core_zero_trust_mesh.py	/storage/emulated/0/Download/cyber_ops_apex_v4_5/cyber_ops/core/zero_trust_mesh.py	1158	1781382968	2026-06-13T20:36:08Z	727b9022b3f980779267a61fa746b44d09ec43ad4310236c8e74392d95f6827f	true	
00210__storage_emulated_0_Download_cyber_ops_apex_v4_5_cyber_ops_main.py	/storage/emulated/0/Download/cyber_ops_apex_v4_5/cyber_ops/main.py	2449	1781382969	2026-06-13T20:36:09Z	d8b653fd9261c7a06f98e7ef5bad888de334ee3d62655880156c1c70f3cfed80	true	
00211__storage_emulated_0_Download_cyber_ops_apex_v4_5_cyber_ops_operators_breach_specialist.py	/storage/emulated/0/Download/cyber_ops_apex_v4_5/cyber_ops/operators/breach_specialist.py	1575	1781382969	2026-06-13T20:36:09Z	18710f5f81ec42ffa59d93fa18f6969d5fd2502e0040b0862b1b12080ffec20d	true	
00212__storage_emulated_0_Download_cyber_ops_apex_v4_5_cyber_ops_operators_commander.py	/storage/emulated/0/Download/cyber_ops_apex_v4_5/cyber_ops/operators/commander.py	3590	1781382969	2026-06-13T20:36:09Z	974976f133de55c292b4c4d94d17e0cea7c3a9e3e4b083cae554fcab735d17de	true	
00213__storage_emulated_0_Download_cyber_ops_apex_v4_5_cyber_ops_operators_integrity_critic.py	/storage/emulated/0/Download/cyber_ops_apex_v4_5/cyber_ops/operators/integrity_critic.py	805	1781382969	2026-06-13T20:36:09Z	125ecd3a2f662ab28bcf3a3863f4028779510a819dd585fb19992dfe95a65225	true	
00214__storage_emulated_0_Download_cyber_ops_apex_v4_5_cyber_ops_operators_intel_specialist.py	/storage/emulated/0/Download/cyber_ops_apex_v4_5/cyber_ops/operators/intel_specialist.py	1005	1781382969	2026-06-13T20:36:09Z	38ed5087bb2a222b11de3f92e83b1273c7fdb7fc2f8255a1830219495a9366e6	true	
00215__storage_emulated_0_Download_cyber_ops_apex_v4_5_cyber_ops_operators_lab_node.py	/storage/emulated/0/Download/cyber_ops_apex_v4_5/cyber_ops/operators/lab_node.py	1671	1781382969	2026-06-13T20:36:09Z	d01734d39c7b6cef2c47c9fd7138bace379926a88b347e6ba3212f54e877870d	true	
00216__storage_emulated_0_Download_cyber_ops_apex_v4_5_cyber_ops_operators_stealth_specialist.py	/storage/emulated/0/Download/cyber_ops_apex_v4_5/cyber_ops/operators/stealth_specialist.py	1657	1781382969	2026-06-13T20:36:09Z	6324e14bde1c51e3c83e26bb026ed4b81a308f4eb22f1774f555b62c3b41858d	true	
00217__storage_emulated_0_Download_cyber_ops_apex_v4_5_cyber_ops_operators_tactical_director.py	/storage/emulated/0/Download/cyber_ops_apex_v4_5/cyber_ops/operators/tactical_director.py	1175	1781382969	2026-06-13T20:36:09Z	f10907593facc8a70e2521f3c711dfd9ac744b0f78a2f42be85f8243a007aae9	true	
00218__storage_emulated_0_Download_cyber_ops_apex_v4_5_cyber_ops_stager.py	/storage/emulated/0/Download/cyber_ops_apex_v4_5/cyber_ops/stager.py	1171	1781382969	2026-06-13T20:36:09Z	a1424e8f2665c6a987409fba4f97d83fdcf1aeb9468e9168bb28941714b74090	true	
00219__storage_emulated_0_Download_intel_specialist.py	/storage/emulated/0/Download/intel_specialist.py	1005	1781355357	2026-06-13T12:55:57Z	38ed5087bb2a222b11de3f92e83b1273c7fdb7fc2f8255a1830219495a9366e6	true	
00220__storage_emulated_0_Download_main.py	/storage/emulated/0/Download/main.py	162	1785408654	2026-07-30T10:50:54Z	b6aaecb1ee72d62d8344fd6ee3d9504d7193e4eb88860447e60ce28be5717556	true	
00221__storage_emulated_0_Download_miss_vale_fleet_hardened.py	/storage/emulated/0/Download/miss_vale_fleet_hardened.py	30995	1783004244	2026-07-02T14:57:24Z	0015f6be48220ac6d458a3356202c12512de2a0e5eb5fb92f6ae93d61a0288d6	true	
00222__storage_emulated_0_Download_office-6-wednesday--backup-2026-07-02T01-32-51.json	/storage/emulated/0/Download/office-6-wednesday--backup-2026-07-02T01-32-51.json	150812	1782955971	2026-07-02T01:32:51Z	4ae136a5cbfebe398a0d4c3b3e21f0b839e8cb907d11de6a438b83ab14f9390b	true	
00223__storage_emulated_0_Download_office-6-wednesday--backup-2026-07-02T03-23-01.json	/storage/emulated/0/Download/office-6-wednesday--backup-2026-07-02T03-23-01.json	713251	1782962581	2026-07-02T03:23:01Z	d497bda54d22b6fe465c93beae0386b7e554b1c40d7be92f19906fe305a44d67	true	
00224__storage_emulated_0_Download_office-6-wednesday-backup.json	/storage/emulated/0/Download/office-6-wednesday-backup.json	62202	1782954038	2026-07-02T01:00:38Z	ff78b192bac3fc27859e5a84732cb1d839a044a77073e8e5ef762917fd089b6e	true	
00225__storage_emulated_0_Download_python-pal-progress-2026-07-29.json	/storage/emulated/0/Download/python-pal-progress-2026-07-29.json	266	1785347695	2026-07-29T17:54:55Z	2c8b1a379394ad14690f368147a0daa85cd703231642e336181d6feb2fb5adcb	true	
00226__storage_emulated_0_Download_rack-runner-tournament-backup-2026-07-06T03-43-47.json	/storage/emulated/0/Download/rack-runner-tournament-backup-2026-07-06T03-43-47.json	12344	1783309427	2026-07-06T03:43:47Z	3dc251c9b7cfc87aa162eeed14564d9aa41051dd4247fafc829a8877eee0a80a	true	
00227__storage_emulated_0_Download_rack-runner-tournament-backup-2026-07-08T09-11-08.json	/storage/emulated/0/Download/rack-runner-tournament-backup-2026-07-08T09-11-08.json	12458	1783501868	2026-07-08T09:11:08Z	d6aa25450bf818d571d13fe0983edb426e0918b4b6336dab4c86997a40180eaf	true	
00228__storage_emulated_0_Download_rack-runner-tournament-backup-2026-08-01T01-25-21.json	/storage/emulated/0/Download/rack-runner-tournament-backup-2026-08-01T01-25-21.json	1077	1785547521	2026-08-01T01:25:21Z	883aff6980b4c5bec7185730758a4ca37c31ff49736682cac41d8aca64cdbf0e	true	
00229__storage_emulated_0_Download_rack-runner-tournament-no-champion-archive-2026-07-13t09-37-15.json	/storage/emulated/0/Download/rack-runner-tournament-no-champion-archive-2026-07-13t09-37-15.json	13881	1783935435	2026-07-13T09:37:15Z	ed181c63de3274bbe300b44a0d6c1afcd24cce8eab3c3758aec04b63fc9aeb5a	true	
00230__storage_emulated_0_Download_seth-clone_seth-clone_node_modules_.package-lock.json	/storage/emulated/0/Download/seth-clone/seth-clone/node_modules/.package-lock.json	15754	1783852013	2026-07-12T10:26:53Z	f8a6b59068ecb325ec00317d30cbff001b1cc0dac52efca031bab28a314a916b	true	
00231__storage_emulated_0_Download_seth-clone_seth-clone_node_modules__oxc-project_types_package.json	/storage/emulated/0/Download/seth-clone/seth-clone/node_modules/@oxc-project/types/package.json	577	1783852011	2026-07-12T10:26:51Z	a1fd6732a952bcfae8540e6a1e4ce9d153f59a438f8f434f0de714986956608f	true	
00232__storage_emulated_0_Download_seth-clone_seth-clone_node_modules__rolldown_binding-linux-x64-gnu_package.json	/storage/emulated/0/Download/seth-clone/seth-clone/node_modules/@rolldown/binding-linux-x64-gnu/package.json	808	1783852011	2026-07-12T10:26:51Z	4c465654b3cf360a6a25f5760f249c60613eded29ac881de585780a614975a7b	true	
00233__storage_emulated_0_Download_seth-clone_seth-clone_node_modules__rolldown_pluginutils_package.json	/storage/emulated/0/Download/seth-clone/seth-clone/node_modules/@rolldown/pluginutils/package.json	975	1783852011	2026-07-12T10:26:51Z	c3d2bfe0ff94de71fd5b82e6f3a01b12ee4d99b8f1b34cc00b984b9acde61cfa	true	
00234__storage_emulated_0_Download_seth-clone_seth-clone_node_modules__typescript_typescript-linux-x64_package.json	/storage/emulated/0/Download/seth-clone/seth-clone/node_modules/@typescript/typescript-linux-x64/package.json	1042	1783852013	2026-07-12T10:26:53Z	d229521d1ab1d09e60eeb887c8be8e9454a1ea184fe801dcbfa276da3c569cf7	true	
00235__storage_emulated_0_Download_seth-clone_seth-clone_node_modules__vitejs_plugin-react_package.json	/storage/emulated/0/Download/seth-clone/seth-clone/node_modules/@vitejs/plugin-react/package.json	2114	1783852011	2026-07-12T10:26:51Z	744483e15597dba4505ff19c7af5d75ddb7280db9c894d8133f8a0edffe93c30	true	
00236__storage_emulated_0_Download_seth-clone_seth-clone_node_modules_detect-libc_package.json	/storage/emulated/0/Download/seth-clone/seth-clone/node_modules/detect-libc/package.json	1278	1783852011	2026-07-12T10:26:51Z	ee88e5b954fdf3a8480b1d01ef767d68d8ca2c6da269f58c5cf1c5550e9aa2a7	true	
00237__storage_emulated_0_Download_seth-clone_seth-clone_node_modules_fdir_package.json	/storage/emulated/0/Download/seth-clone/seth-clone/node_modules/fdir/package.json	2694	1783852011	2026-07-12T10:26:51Z	aca49395d61ef383a09f74555c66ed45817ca2b5724e710a4dc9e0471b83d8f5	true	
00238__storage_emulated_0_Download_seth-clone_seth-clone_node_modules_lightningcss-linux-x64-gnu_package.json	/storage/emulated/0/Download/seth-clone/seth-clone/node_modules/lightningcss-linux-x64-gnu/package.json	745	1783852011	2026-07-12T10:26:51Z	38c8b40149b0492fbfcc06b4b8fab20314d9b9d0e648c7da8c5c0634b6a90412	true	
00239__storage_emulated_0_Download_seth-clone_seth-clone_node_modules_lightningcss_package.json	/storage/emulated/0/Download/seth-clone/seth-clone/node_modules/lightningcss/package.json	3835	1783852011	2026-07-12T10:26:51Z	1b7fbd47a660ecb37d1fa8304a14b726aa44a31bb3d3338f417593f6276b762f	true	
00240__storage_emulated_0_Download_seth-clone_seth-clone_node_modules_lucide-react_package.json	/storage/emulated/0/Download/seth-clone/seth-clone/node_modules/lucide-react/package.json	2382	1783852011	2026-07-12T10:26:51Z	09c90c796adcbb6455ab4d67a7d5041181ffebf5acf57866dad0e3aa71f62b56	true	
00241__storage_emulated_0_Download_seth-clone_seth-clone_node_modules_nanoid_async_package.json	/storage/emulated/0/Download/seth-clone/seth-clone/node_modules/nanoid/async/package.json	233	1783852011	2026-07-12T10:26:51Z	0e02b9178f3638eba65e96c8643f3bf08ea192dcef7faadaf3c38c50a829b301	true	
00242__storage_emulated_0_Download_seth-clone_seth-clone_node_modules_nanoid_non-secure_package.json	/storage/emulated/0/Download/seth-clone/seth-clone/node_modules/nanoid/non-secure/package.json	99	1783852011	2026-07-12T10:26:51Z	2f9b8c4bee9312538f388b49c13987f4565ac25d6756fabdbbb771d339945e3e	true	
00243__storage_emulated_0_Download_seth-clone_seth-clone_node_modules_nanoid_package.json	/storage/emulated/0/Download/seth-clone/seth-clone/node_modules/nanoid/package.json	2283	1783852011	2026-07-12T10:26:51Z	c6acf9ab29ee1c38ec6ef8dff594fc6218fd48028677632662c7397258986a8c	true	
00244__storage_emulated_0_Download_seth-clone_seth-clone_node_modules_nanoid_url-alphabet_package.json	/storage/emulated/0/Download/seth-clone/seth-clone/node_modules/nanoid/url-alphabet/package.json	99	1783852011	2026-07-12T10:26:51Z	2f9b8c4bee9312538f388b49c13987f4565ac25d6756fabdbbb771d339945e3e	true	
00245__storage_emulated_0_Download_seth-clone_seth-clone_node_modules_picocolors_package.json	/storage/emulated/0/Download/seth-clone/seth-clone/node_modules/picocolors/package.json	552	1783852011	2026-07-12T10:26:51Z	ef2ac226c4811d312e12c64214c453878653e834482125ae475f27cea60de737	true	
00246__storage_emulated_0_Download_seth-clone_seth-clone_node_modules_picomatch_package.json	/storage/emulated/0/Download/seth-clone/seth-clone/node_modules/picomatch/package.json	1915	1783852011	2026-07-12T10:26:51Z	fb7766f5f9c724e13e075760a95d16f87cdb327143d153a913135fde267ec615	true	
00247__storage_emulated_0_Download_seth-clone_seth-clone_node_modules_postcss_package.json	/storage/emulated/0/Download/seth-clone/seth-clone/node_modules/postcss/package.json	2497	1783852011	2026-07-12T10:26:51Z	5643f7d416b36b77f58d2d74602f3fbb71dd23c7eece892589bc7d17f15ae2c1	true	
00248__storage_emulated_0_Download_seth-clone_seth-clone_node_modules_react-dom_package.json	/storage/emulated/0/Download/seth-clone/seth-clone/node_modules/react-dom/package.json	3063	1783852012	2026-07-12T10:26:52Z	447acd72cdb6a966d9db967729e286e7cbb4a09ea61fddd45e12c2a97fd4cfb6	true	
00249__storage_emulated_0_Download_seth-clone_seth-clone_node_modules_react_package.json	/storage/emulated/0/Download/seth-clone/seth-clone/node_modules/react/package.json	1248	1783852011	2026-07-12T10:26:51Z	51966ae9c8c377ff592b5d69c980966992101bc6791bf83a1e5c7ad9bcefa7f4	true	
00250__storage_emulated_0_Download_seth-clone_seth-clone_node_modules_rolldown_package.json	/storage/emulated/0/Download/seth-clone/seth-clone/node_modules/rolldown/package.json	5741	1783852011	2026-07-12T10:26:51Z	01de4c2d7ebcc0f36c92f41e4ecab383ae7f5dd2e26f8f4b640fc58ca9c8f8e7	true	
00251__storage_emulated_0_Download_seth-clone_seth-clone_node_modules_scheduler_package.json	/storage/emulated/0/Download/seth-clone/seth-clone/node_modules/scheduler/package.json	564	1783852011	2026-07-12T10:26:51Z	393bb96b7e481bf50189a1a02c7e0e7f4d01acba5abc6fbe7d214638624462fc	true	
00252__storage_emulated_0_Download_seth-clone_seth-clone_node_modules_source-map-js_package.json	/storage/emulated/0/Download/seth-clone/seth-clone/node_modules/source-map-js/package.json	2548	1783852011	2026-07-12T10:26:51Z	58f8e94a461a5e461e0cb2bb2be681cbd89b9181989fd26fceb858e67711469a	true	
00253__storage_emulated_0_Download_seth-clone_seth-clone_node_modules_tinyglobby_package.json	/storage/emulated/0/Download/seth-clone/seth-clone/node_modules/tinyglobby/package.json	1761	1783852011	2026-07-12T10:26:51Z	bd2b2af3c9ba0580f1acfb22c55d0b6d29abf683af5cac8a2efe82fa7c943f23	true	
00254__storage_emulated_0_Download_seth-clone_seth-clone_node_modules_typescript_package.json	/storage/emulated/0/Download/seth-clone/seth-clone/node_modules/typescript/package.json	3087	1783852012	2026-07-12T10:26:52Z	3722b30210616a13a3213ded11575ba6b2dbab10c32a5ef67afca8513e27017e	true	
00255__storage_emulated_0_Download_seth-clone_seth-clone_node_modules_typescript_vendor_vscode-jsonrpc_package.json	/storage/emulated/0/Download/seth-clone/seth-clone/node_modules/typescript/vendor/vscode-jsonrpc/package.json	1947	1783852012	2026-07-12T10:26:52Z	85d5135a9ae9d7b7ef4b444711eaaa2c90d84c0c314722046e0126c55fe67479	true	
00256__storage_emulated_0_Download_seth-clone_seth-clone_node_modules_vite_package.json	/storage/emulated/0/Download/seth-clone/seth-clone/node_modules/vite/package.json	5083	1783852012	2026-07-12T10:26:52Z	d26ea2d65c50959b1b5dcd0d1c52eba22eb6c3f4dc335f618053b15970bb63d6	true	
00257__storage_emulated_0_Download_seth-clone_seth-clone_package-lock.json	/storage/emulated/0/Download/seth-clone/seth-clone/package-lock.json	45695	1783852013	2026-07-12T10:26:53Z	4930df9df5c4d3965edc674cb37529ee4bc31f314a13fd253d21bab3cbb46ccb	true	
00258__storage_emulated_0_Download_seth-clone_seth-clone_package.json	/storage/emulated/0/Download/seth-clone/seth-clone/package.json	431	1783852005	2026-07-12T10:26:45Z	3c0aff599d9bb91d1eaf318e2cc68df6ed405a4eb5340ec96de176ab6046a40e	true	
00259__storage_emulated_0_Download_the_britt_recovered_profile.json	/storage/emulated/0/Download/the_britt_recovered_profile.json	3951	1782986179	2026-07-02T09:56:19Z	56a9ebc33d6c8af9cd109ca4c1591c56e8e53eeda0c618bfe76aa36ad008a763	true	
00260__storage_emulated_0_Download_wakeforge.agent-card.json	/storage/emulated/0/Download/wakeforge.agent-card.json	1311	1788341428	2026-09-02T09:30:28Z	681f12e7324c14f293d3a96894d84a75f9bcf804f580aaa0bc4f1fb2cfa1f397	true	
00261__storage_emulated_0_Download_wakeforge.deploy.json	/storage/emulated/0/Download/wakeforge.deploy.json	1665	1788341348	2026-09-02T09:29:08Z	f663c1abc8aeb95c1cba21bd50d4b62cb30a3187d31e3d392e9bb8a3e14fceb9	true	
00262__storage_emulated_0_Download_wakeforge_assets_2026-08-12__1__config_agents.json	/storage/emulated/0/Download/wakeforge_assets_2026-08-12 (1)/config/agents.json	33266	1786495181	2026-08-12T00:39:41Z	ea327af5e82a3842ad6d9aac59ca52613b21fad87cbe467feacf47959b91795a	true	
00263__storage_emulated_0_Download_wakeforge_assets_2026-08-12__1__config_capability_problem_map.json	/storage/emulated/0/Download/wakeforge_assets_2026-08-12 (1)/config/capability_problem_map.json	251	1786495181	2026-08-12T00:39:41Z	796fb41f50cd5d30b70603037ac8a5475b9c9d1684d7cabd84a429d790881f88	true	
00264__storage_emulated_0_Download_wakeforge_assets_2026-08-12__1__config_ideal_customer_profiles.json	/storage/emulated/0/Download/wakeforge_assets_2026-08-12 (1)/config/ideal_customer_profiles.json	2300	1786495181	2026-08-12T00:39:41Z	115360785110169715f82304685aa3e993e1d83b40611c9e3d59e5ccafd2f623	true	
00265__storage_emulated_0_Download_wakeforge_assets_2026-08-12__1__config_tools.json	/storage/emulated/0/Download/wakeforge_assets_2026-08-12 (1)/config/tools.json	1570	1786495181	2026-08-12T00:39:41Z	0f9115d35206f390d28635f126d9bdd1bf90e55c3c2c1510c05e1cf233c19df7	true	
00266__storage_emulated_0_Download_wakeforge_assets_2026-08-12__1__package.json	/storage/emulated/0/Download/wakeforge_assets_2026-08-12 (1)/package.json	1906	1786495181	2026-08-12T00:39:41Z	0241b4e39d5f633087e7733080bae3905ca2bc9253124fa78d3f9243bb633dae	true	
00267__storage_emulated_0_Download_wakeforge_assets_2026-08-12_config_agents.json	/storage/emulated/0/Download/wakeforge_assets_2026-08-12/config/agents.json	33266	1786495181	2026-08-12T00:39:41Z	ea327af5e82a3842ad6d9aac59ca52613b21fad87cbe467feacf47959b91795a	true	
00268__storage_emulated_0_Download_wakeforge_assets_2026-08-12_config_capability_problem_map.json	/storage/emulated/0/Download/wakeforge_assets_2026-08-12/config/capability_problem_map.json	251	1786495181	2026-08-12T00:39:41Z	796fb41f50cd5d30b70603037ac8a5475b9c9d1684d7cabd84a429d790881f88	true	
00269__storage_emulated_0_Download_wakeforge_assets_2026-08-12_config_ideal_customer_profiles.json	/storage/emulated/0/Download/wakeforge_assets_2026-08-12/config/ideal_customer_profiles.json	2300	1786495181	2026-08-12T00:39:41Z	115360785110169715f82304685aa3e993e1d83b40611c9e3d59e5ccafd2f623	true	
00270__storage_emulated_0_Download_wakeforge_assets_2026-08-12_config_tools.json	/storage/emulated/0/Download/wakeforge_assets_2026-08-12/config/tools.json	1570	1786495181	2026-08-12T00:39:41Z	0f9115d35206f390d28635f126d9bdd1bf90e55c3c2c1510c05e1cf233c19df7	true	
00271__storage_emulated_0_Download_wakeforge_assets_2026-08-12_package.json	/storage/emulated/0/Download/wakeforge_assets_2026-08-12/package.json	1906	1786495181	2026-08-12T00:39:41Z	0241b4e39d5f633087e7733080bae3905ca2bc9253124fa78d3f9243bb633dae	true	
00272__storage_emulated_0_Recycle_bin_-_Connected_device_app.json	/storage/emulated/0/Recycle bin - Connected device/app.json	417	1784800697	2026-07-23T09:58:17Z	b0fda0c90f8ed340ab51baf0cdd4c36eb49eb9b6e8f21b869433d0232f6f57c6	true	
00273__storage_emulated_0_Recycle_bin_-_Connected_device_package_0_.json	/storage/emulated/0/Recycle bin - Connected device/package(0).json	147	1784800697	2026-07-23T09:58:17Z	7f9df390dc641370503c80cfe1a39c6c863419b12993bc3df301360a034ee322	true	
00274__storage_emulated_0_Recycle_bin_-_Connected_device_package_1_.json	/storage/emulated/0/Recycle bin - Connected device/package(1).json	481	1784800697	2026-07-23T09:58:17Z	e1c6fe4375d03888e22ab19f9aef412a7256592364b6cdb4fd210aa045a6d182	true	
00275__storage_emulated_0_Recycle_bin_-_Connected_device_package.json	/storage/emulated/0/Recycle bin - Connected device/package.json	520	1784800697	2026-07-23T09:58:17Z	d57a3925656779dded432b77159b521cbd2ca5b35a0a17a7b2f852af4e4b08c9	true	
00276__storage_emulated_0_Recycle_bin_-_Connected_device_seed_0_.json	/storage/emulated/0/Recycle bin - Connected device/seed(0).json	3967	1784800799	2026-07-23T09:59:59Z	8ac42bc1e8e20bf1c59a7b70ab4cf1751dacc0e8d234017d0e0ea7e3d0a2f10c	true	
00277__storage_emulated_0_Recycle_bin_-_Connected_device_seed.json	/storage/emulated/0/Recycle bin - Connected device/seed.json	3967	1784800697	2026-07-23T09:58:17Z	8ac42bc1e8e20bf1c59a7b70ab4cf1751dacc0e8d234017d0e0ea7e3d0a2f10c	true	
00278__storage_emulated_0_Recycle_bin_-_Connected_device_tsconfig.json	/storage/emulated/0/Recycle bin - Connected device/tsconfig.json	85	1784800697	2026-07-23T09:58:17Z	712583ff9cdb4b4e4f9b000a4a56d68db8dc1921cbfbc36d490a3a9f2be3dd72	true	
00279__storage_emulated_0_TheBritt_Windows_Package_TEST_HEALTH.json	/storage/emulated/0/TheBritt_Windows_Package/TEST_HEALTH.json	940	1780170148	2026-05-30T19:42:28Z	5a3e6262c00eec7a76ac6ead4b7271a0efcc8abd67aca56e2af36b47839b267d	true	
00280__storage_emulated_0_TheBritt_Windows_Package_TEST_TOOL_WRITE.json	/storage/emulated/0/TheBritt_Windows_Package/TEST_TOOL_WRITE.json	119	1780170148	2026-05-30T19:42:28Z	9b2a82d8f6fc72beff27c7efbd56018a8910805f891e5f8b9f5b75dfd0dcc59e	true	
00281__storage_emulated_0_TheBritt_Windows_Package_backend_package-lock.json	/storage/emulated/0/TheBritt_Windows_Package/backend/package-lock.json	46066	1780170148	2026-05-30T19:42:28Z	ecc427ae67f037933a04983bafa066f26e310c18a3e22717a1ffaf4249dd8ae8	true	
00282__storage_emulated_0_TheBritt_Windows_Package_backend_package.json	/storage/emulated/0/TheBritt_Windows_Package/backend/package.json	516	1780170148	2026-05-30T19:42:28Z	8085b83fe891cbf1d2e99fb973f4789cd1ef3d7279385efa51892d1c1afec1c9	true	
00283__storage_emulated_0_TheBritt_Windows_Package_frontend_package-lock.json	/storage/emulated/0/TheBritt_Windows_Package/frontend/package-lock.json	29480	1780170150	2026-05-30T19:42:30Z	63f51b7bee3ede2fcee5127fb6267f52009f538a68436d469fafc5b1aa173f3b	true	
00284__storage_emulated_0_TheBritt_Windows_Package_frontend_package.json	/storage/emulated/0/TheBritt_Windows_Package/frontend/package.json	332	1780170150	2026-05-30T19:42:30Z	7084fb12294127a2c43605a59388c2e25b8141b232b80fa5945b95a89eb54fa9	true	
00285__storage_emulated_0_TheBritt_Windows_Package_package.json	/storage/emulated/0/TheBritt_Windows_Package/package.json	466	1780170150	2026-05-30T19:42:30Z	8affa4279c46e3c879e7e14169f2600ec3893fbde69fb181499451ee154af80d	true	
00286__storage_emulated_0_TheBritt_Windows_Package_test_write_payload.json	/storage/emulated/0/TheBritt_Windows_Package/test_write_payload.json	254	1780170150	2026-05-30T19:42:30Z	836671983cf0f5a9f1444d5de0a1b1689cfcd2e36bf4f0d1566edf8eb2e7057a	true	
00287__storage_emulated_0_TheBritt_Windows_Package_the_britt_TEST_HEALTH.json	/storage/emulated/0/TheBritt_Windows_Package/the_britt/TEST_HEALTH.json	940	1780167299	2026-05-30T18:54:59Z	5a3e6262c00eec7a76ac6ead4b7271a0efcc8abd67aca56e2af36b47839b267d	true	
00288__storage_emulated_0_TheBritt_Windows_Package_the_britt_TEST_TOOL_WRITE.json	/storage/emulated/0/TheBritt_Windows_Package/the_britt/TEST_TOOL_WRITE.json	119	1780167308	2026-05-30T18:55:08Z	9b2a82d8f6fc72beff27c7efbd56018a8910805f891e5f8b9f5b75dfd0dcc59e	true	
00289__storage_emulated_0_TheBritt_Windows_Package_the_britt_backend_package-lock.json	/storage/emulated/0/TheBritt_Windows_Package/the_britt/backend/package-lock.json	46066	1780167249	2026-05-30T18:54:09Z	ecc427ae67f037933a04983bafa066f26e310c18a3e22717a1ffaf4249dd8ae8	true	
00290__storage_emulated_0_TheBritt_Windows_Package_the_britt_backend_package.json	/storage/emulated/0/TheBritt_Windows_Package/the_britt/backend/package.json	516	1780167028	2026-05-30T18:50:28Z	8085b83fe891cbf1d2e99fb973f4789cd1ef3d7279385efa51892d1c1afec1c9	true	
00291__storage_emulated_0_TheBritt_Windows_Package_the_britt_frontend_package-lock.json	/storage/emulated/0/TheBritt_Windows_Package/the_britt/frontend/package-lock.json	29480	1780167260	2026-05-30T18:54:20Z	63f51b7bee3ede2fcee5127fb6267f52009f538a68436d469fafc5b1aa173f3b	true	
00292__storage_emulated_0_TheBritt_Windows_Package_the_britt_frontend_package.json	/storage/emulated/0/TheBritt_Windows_Package/the_britt/frontend/package.json	332	1780167109	2026-05-30T18:51:49Z	7084fb12294127a2c43605a59388c2e25b8141b232b80fa5945b95a89eb54fa9	true	
00293__storage_emulated_0_TheBritt_Windows_Package_the_britt_package.json	/storage/emulated/0/TheBritt_Windows_Package/the_britt/package.json	466	1780167167	2026-05-30T18:52:47Z	8affa4279c46e3c879e7e14169f2600ec3893fbde69fb181499451ee154af80d	true	
00294__storage_emulated_0_V_PRIME_FOUNDER_EDITION_v3.0.0__1__V_PRIME_FOUNDER_EDITION_v3.0.0_prime_agent.py	/storage/emulated/0/V_PRIME_FOUNDER_EDITION_v3.0.0 (1)/V_PRIME_FOUNDER_EDITION_v3.0.0/prime_agent.py	97766	1785150686	2026-07-27T11:11:26Z	baaee39a03e271972f730b0e0ac5575c51fae6c4f88dc095856325a05507d2cd	true	
00295__storage_emulated_0_V_PRIME_FOUNDER_EDITION_v3.0.0__1__V_PRIME_FOUNDER_EDITION_v3.0.0_tests_test_v_prime.py	/storage/emulated/0/V_PRIME_FOUNDER_EDITION_v3.0.0 (1)/V_PRIME_FOUNDER_EDITION_v3.0.0/tests/test_v_prime.py	5670	1785151093	2026-07-27T11:18:13Z	d9dbd60fd6db68c662de514905b1ca152a0a4ac67919effe29b061416621aadb	true	
00296__storage_emulated_0_WAKE_Command_Console_WIRED_Bundle-6__1__WAKE_Command_Console_WIRED_Bundle_WAKE_Local_Server.py	/storage/emulated/0/WAKE_Command_Console_WIRED_Bundle-6 (1)/WAKE_Command_Console_WIRED_Bundle/WAKE_Local_Server.py	8175	1778569528	2026-05-12T07:05:28Z	e8f7f8385a79d0f6954e31943774b8508ad6d8d6780b02d567b2160401009153	true	
00297__storage_emulated_0_all_final_agents_prime_agent.py	/storage/emulated/0/all_final_agents/prime_agent.py	4051	1783662394	2026-07-10T05:46:34Z	887c76a270d66887f0449b2471335a1beea1bc24d43bf9130a3e2336018c9a9a	true	
00298__storage_emulated_0_all_final_agents_the_britt.py	/storage/emulated/0/all_final_agents/the_britt.py	224	1783662602	2026-07-10T05:50:02Z	a6e3ee60da0555bd1b29d36f7e96480c7fda400b18bafdab56804cc1449f1dba	true	
00299__storage_emulated_0_all_final_agents_the_caretaker.py	/storage/emulated/0/all_final_agents/the_caretaker.py	261	1783662602	2026-07-10T05:50:02Z	dbe161e8f36c167d08f5e6c2ece02f351fa2ec8b8f157b9a71133f91ab658bbe	true	
00300__storage_emulated_0_cyber_ops_apex_v4_5_cyber_ops_agents_base.py	/storage/emulated/0/cyber_ops_apex_v4_5/cyber_ops/agents/base.py	9200	1780878378	2026-06-08T00:26:18Z	2800b8bd370cee096436e61a76cad159bab8b5d5e9fe4d77e440e964b1fde959	true	
00301__storage_emulated_0_cyber_ops_apex_v4_5_cyber_ops_agents_critic.py	/storage/emulated/0/cyber_ops_apex_v4_5/cyber_ops/agents/critic.py	4763	1780877866	2026-06-08T00:17:46Z	824e89d418da78c9cc66874bb88c00f56db0a978408e38418b0cb16dd724af7c	true	
00302__storage_emulated_0_cyber_ops_apex_v4_5_cyber_ops_agents_executor.py	/storage/emulated/0/cyber_ops_apex_v4_5/cyber_ops/agents/executor.py	6900	1780877866	2026-06-08T00:17:46Z	8917be21a24bf7a7641fbce7b1c86b11b512031b6a5154339ce51a460bce90c8	true	
00303__storage_emulated_0_cyber_ops_apex_v4_5_cyber_ops_agents_orchestrator.py	/storage/emulated/0/cyber_ops_apex_v4_5/cyber_ops/agents/orchestrator.py	6532	1780877866	2026-06-08T00:17:46Z	629a7f74cccab38f7b33b1b5ccbc831e797d90d4e232c81f8befad3630f58ab8	true	
00304__storage_emulated_0_cyber_ops_apex_v4_5_cyber_ops_agents_researcher.py	/storage/emulated/0/cyber_ops_apex_v4_5/cyber_ops/agents/researcher.py	4839	1780877866	2026-06-08T00:17:46Z	e15dbaa4a0bfd272a74aa046971216bcac1c3551abbe15fc361f593cf3e0eda5	true	
00305__storage_emulated_0_cyber_ops_apex_v4_5_cyber_ops_agents_universal_executor.py	/storage/emulated/0/cyber_ops_apex_v4_5/cyber_ops/agents/universal_executor.py	2220	1780878132	2026-06-08T00:22:12Z	05baa0c5eec1146f0f90aca11d7e32af7d1a95ef9440d15f13a75f27bfa16ecc	true	
00306__storage_emulated_0_cyber_ops_apex_v4_5_cyber_ops_core_adversarial_ai.py	/storage/emulated/0/cyber_ops_apex_v4_5/cyber_ops/core/adversarial_ai.py	1659	1780878055	2026-06-08T00:20:55Z	cb4d1ace9f62a34162b085c2300f8811c4b58372574f397e0550a6e584d383b2	true	
00307__storage_emulated_0_cyber_ops_apex_v4_5_cyber_ops_core_alm.py	/storage/emulated/0/cyber_ops_apex_v4_5/cyber_ops/core/alm.py	2184	1780877994	2026-06-08T00:19:54Z	f3a9360a583500ed9e8e07d1f18b5b5cf5e4de9497b8d5a0ca3a0c0922074246	true	
00308__storage_emulated_0_cyber_ops_apex_v4_5_cyber_ops_core_bus.py	/storage/emulated/0/cyber_ops_apex_v4_5/cyber_ops/core/bus.py	2268	1780877864	2026-06-08T00:17:44Z	e0981b5dbb9d0c469f207cf85a839e8c2e74d5d765af7d367e03663a4f143909	true	
00309__storage_emulated_0_cyber_ops_apex_v4_5_cyber_ops_core_c2_healing.py	/storage/emulated/0/cyber_ops_apex_v4_5/cyber_ops/core/c2_healing.py	1702	1780877998	2026-06-08T00:19:58Z	481d6ca73ccb851d927fa398cf4384dd98f2c5054b2afed45fe94ac93fbb2a91	true	
00310__storage_emulated_0_cyber_ops_apex_v4_5_cyber_ops_core_counter_intel.py	/storage/emulated/0/cyber_ops_apex_v4_5/cyber_ops/core/counter_intel.py	1341	1780878234	2026-06-08T00:23:54Z	987c54042df6852ec8fd6e206abf5e3c054a59ada3c9507db02e92db4bc0d672	true	
00311__storage_emulated_0_cyber_ops_apex_v4_5_cyber_ops_core_edge_sync.py	/storage/emulated/0/cyber_ops_apex_v4_5/cyber_ops/core/edge_sync.py	1594	1780878115	2026-06-08T00:21:55Z	32d8853665b03c84bfca64f049b6b1a8c01545c9650102b4d4f950fbe2687866	true	
00312__storage_emulated_0_cyber_ops_apex_v4_5_cyber_ops_core_evasion.py	/storage/emulated/0/cyber_ops_apex_v4_5/cyber_ops/core/evasion.py	1049	1780877982	2026-06-08T00:19:42Z	7f5358bb36bcf03c40a7211b93df3bfbad2bd7918723d8e0364254c3e5a742f5	true	
00313__storage_emulated_0_cyber_ops_apex_v4_5_cyber_ops_core_ghost_probe.py	/storage/emulated/0/cyber_ops_apex_v4_5/cyber_ops/core/ghost_probe.py	1801	1780878460	2026-06-08T00:27:40Z	107ebdd6685da004602c94d0181a7dd243e341c550143bdcc230a6f0bafe3fe4	true	
00314__storage_emulated_0_cyber_ops_apex_v4_5_cyber_ops_core_mobile_tactical.py	/storage/emulated/0/cyber_ops_apex_v4_5/cyber_ops/core/mobile_tactical.py	1142	1780878118	2026-06-08T00:21:58Z	736b9d6dc782dd300d1fecf82acf8de4a2366ae14329d0bbf54f037e7bc11ad9	true	
00315__storage_emulated_0_cyber_ops_apex_v4_5_cyber_ops_core_neural_gen.py	/storage/emulated/0/cyber_ops_apex_v4_5/cyber_ops/core/neural_gen.py	1392	1780878059	2026-06-08T00:20:59Z	7bbcb200c9662c44a403f7a541de749bef1c49c2088fbde2f939f6f68d123790	true	
00316__storage_emulated_0_cyber_ops_apex_v4_5_cyber_ops_core_persistence.py	/storage/emulated/0/cyber_ops_apex_v4_5/cyber_ops/core/persistence.py	1406	1780878148	2026-06-08T00:22:28Z	6f53f2923446f023cc9d485b695ecc6e7189efbdf4a2a9b228b4c0246a559a68	true	
00317__storage_emulated_0_cyber_ops_apex_v4_5_cyber_ops_core_sentinel.py	/storage/emulated/0/cyber_ops_apex_v4_5/cyber_ops/core/sentinel.py	1841	1780878364	2026-06-08T00:26:04Z	18d2071d82538dd29bb89802f2c5d565db6abedbb31ea5529f0a151065271b6c	true	
00318__storage_emulated_0_cyber_ops_apex_v4_5_cyber_ops_core_swarm_consensus.py	/storage/emulated/0/cyber_ops_apex_v4_5/cyber_ops/core/swarm_consensus.py	1399	1780878062	2026-06-08T00:21:02Z	7197ce95c6acaafad7c277c5f418406b300d7b71259a37c328fa4e3b04b8fa9d	true	
00319__storage_emulated_0_cyber_ops_apex_v4_5_cyber_ops_core_tkb.py	/storage/emulated/0/cyber_ops_apex_v4_5/cyber_ops/core/tkb.py	2240	1780877974	2026-06-08T00:19:34Z	0071369425bbe109dc757a9d022702406970c17aa01e5b6f2a767aa3400452e1	true	
00320__storage_emulated_0_cyber_ops_apex_v4_5_cyber_ops_core_zero_trust_mesh.py	/storage/emulated/0/cyber_ops_apex_v4_5/cyber_ops/core/zero_trust_mesh.py	1158	1780878237	2026-06-08T00:23:57Z	727b9022b3f980779267a61fa746b44d09ec43ad4310236c8e74392d95f6827f	true	
00321__storage_emulated_0_cyber_ops_apex_v4_5_cyber_ops_main.py	/storage/emulated/0/cyber_ops_apex_v4_5/cyber_ops/main.py	2449	1780878241	2026-06-08T00:24:01Z	d8b653fd9261c7a06f98e7ef5bad888de334ee3d62655880156c1c70f3cfed80	true	
00322__storage_emulated_0_cyber_ops_apex_v4_5_cyber_ops_operators_breach_specialist.py	/storage/emulated/0/cyber_ops_apex_v4_5/cyber_ops/operators/breach_specialist.py	1575	1780878464	2026-06-08T00:27:44Z	18710f5f81ec42ffa59d93fa18f6969d5fd2502e0040b0862b1b12080ffec20d	true	
00323__storage_emulated_0_cyber_ops_apex_v4_5_cyber_ops_operators_commander.py	/storage/emulated/0/cyber_ops_apex_v4_5/cyber_ops/operators/commander.py	3590	1780878004	2026-06-08T00:20:04Z	974976f133de55c292b4c4d94d17e0cea7c3a9e3e4b083cae554fcab735d17de	true	
00324__storage_emulated_0_cyber_ops_apex_v4_5_cyber_ops_operators_integrity_critic.py	/storage/emulated/0/cyber_ops_apex_v4_5/cyber_ops/operators/integrity_critic.py	805	1780877882	2026-06-08T00:18:02Z	125ecd3a2f662ab28bcf3a3863f4028779510a819dd585fb19992dfe95a65225	true	
00325__storage_emulated_0_cyber_ops_apex_v4_5_cyber_ops_operators_intel_specialist.py	/storage/emulated/0/cyber_ops_apex_v4_5/cyber_ops/operators/intel_specialist.py	1005	1780878467	2026-06-08T00:27:47Z	38ed5087bb2a222b11de3f92e83b1273c7fdb7fc2f8255a1830219495a9366e6	true	
00326__storage_emulated_0_cyber_ops_apex_v4_5_cyber_ops_operators_lab_node.py	/storage/emulated/0/cyber_ops_apex_v4_5/cyber_ops/operators/lab_node.py	1671	1780878230	2026-06-08T00:23:50Z	d01734d39c7b6cef2c47c9fd7138bace379926a88b347e6ba3212f54e877870d	true	
00327__storage_emulated_0_cyber_ops_apex_v4_5_cyber_ops_operators_stealth_specialist.py	/storage/emulated/0/cyber_ops_apex_v4_5/cyber_ops/operators/stealth_specialist.py	1657	1780878009	2026-06-08T00:20:09Z	6324e14bde1c51e3c83e26bb026ed4b81a308f4eb22f1774f555b62c3b41858d	true	
00328__storage_emulated_0_cyber_ops_apex_v4_5_cyber_ops_operators_tactical_director.py	/storage/emulated/0/cyber_ops_apex_v4_5/cyber_ops/operators/tactical_director.py	1175	1780877873	2026-06-08T00:17:53Z	f10907593facc8a70e2521f3c711dfd9ac744b0f78a2f42be85f8243a007aae9	true	
00329__storage_emulated_0_cyber_ops_apex_v4_5_cyber_ops_stager.py	/storage/emulated/0/cyber_ops_apex_v4_5/cyber_ops/stager.py	1171	1780878145	2026-06-08T00:22:25Z	a1424e8f2665c6a987409fba4f97d83fdcf1aeb9468e9168bb28941714b74090	true	
00330__storage_emulated_0_founder_elite_qra_tier_zero_agents_v2_founder_elite_qra_tier_zero_agents_v2_backend_app___init__.py	/storage/emulated/0/founder_elite_qra_tier_zero_agents_v2/founder_elite_qra_tier_zero_agents_v2/backend/app/__init__.py	0	1781644770	2026-06-16T21:19:30Z	e3b0c44298fc1c149afbf4c8996fb92427ae41e4649b934ca495991b7852b855	true	
00331__storage_emulated_0_founder_elite_qra_tier_zero_agents_v2_founder_elite_qra_tier_zero_agents_v2_backend_app_config.py	/storage/emulated/0/founder_elite_qra_tier_zero_agents_v2/founder_elite_qra_tier_zero_agents_v2/backend/app/config.py	1167	1781644770	2026-06-16T21:19:30Z	e6fc0c01de4d2af5ca14c577c431a93f2c23bb6fd8e761f9a2bb497de82046b1	true	
00332__storage_emulated_0_founder_elite_qra_tier_zero_agents_v2_founder_elite_qra_tier_zero_agents_v2_backend_app_db.py	/storage/emulated/0/founder_elite_qra_tier_zero_agents_v2/founder_elite_qra_tier_zero_agents_v2/backend/app/db.py	581	1781644770	2026-06-16T21:19:30Z	8b22d73ef222150969a636b256a5bd5439e690b2be9b67d31208250725fa4acb	true	
00333__storage_emulated_0_founder_elite_qra_tier_zero_agents_v2_founder_elite_qra_tier_zero_agents_v2_backend_app_main.py	/storage/emulated/0/founder_elite_qra_tier_zero_agents_v2/founder_elite_qra_tier_zero_agents_v2/backend/app/main.py	8003	1781644770	2026-06-16T21:19:30Z	b817f800cf8d52817694b03d53490df5bceb09df61ebcfb8b6e3d57c7fe15b3a	true	
00334__storage_emulated_0_founder_elite_qra_tier_zero_agents_v2_founder_elite_qra_tier_zero_agents_v2_backend_app_middleware.py	/storage/emulated/0/founder_elite_qra_tier_zero_agents_v2/founder_elite_qra_tier_zero_agents_v2/backend/app/middleware.py	1113	1781644770	2026-06-16T21:19:30Z	03728e754bfe37914fed53b03f4e4fc849a068b9e29bc927251964f63abde1e9	true	
00335__storage_emulated_0_founder_elite_qra_tier_zero_agents_v2_founder_elite_qra_tier_zero_agents_v2_backend_app_models.py	/storage/emulated/0/founder_elite_qra_tier_zero_agents_v2/founder_elite_qra_tier_zero_agents_v2/backend/app/models.py	4906	1781644770	2026-06-16T21:19:30Z	3629843d141dff58dc9dc84ab34a3701a1846b78f8b24c65646fc9c18c751abf	true	
00336__storage_emulated_0_founder_elite_qra_tier_zero_agents_v2_founder_elite_qra_tier_zero_agents_v2_backend_app_schemas.py	/storage/emulated/0/founder_elite_qra_tier_zero_agents_v2/founder_elite_qra_tier_zero_agents_v2/backend/app/schemas.py	875	1781644770	2026-06-16T21:19:30Z	1015bd4ca55f54082fa85bb0db9d3a86578629d42e1962d09a0e43228c36a201	true	
00337__storage_emulated_0_founder_elite_qra_tier_zero_agents_v2_founder_elite_qra_tier_zero_agents_v2_backend_app_seed.py	/storage/emulated/0/founder_elite_qra_tier_zero_agents_v2/founder_elite_qra_tier_zero_agents_v2/backend/app/seed.py	5769	1781644770	2026-06-16T21:19:30Z	e16a04b80a244e6e260420b6f769f5f4d1beb19d6789702d7d2f935ce20ad9f3	true	
00338__storage_emulated_0_founder_elite_qra_tier_zero_agents_v2_founder_elite_qra_tier_zero_agents_v2_backend_app_services___in	/storage/emulated/0/founder_elite_qra_tier_zero_agents_v2/founder_elite_qra_tier_zero_agents_v2/backend/app/services/__init__.py	0	1781644770	2026-06-16T21:19:30Z	e3b0c44298fc1c149afbf4c8996fb92427ae41e4649b934ca495991b7852b855	true	
00339__storage_emulated_0_founder_elite_qra_tier_zero_agents_v2_founder_elite_qra_tier_zero_agents_v2_backend_app_services_a2a.	/storage/emulated/0/founder_elite_qra_tier_zero_agents_v2/founder_elite_qra_tier_zero_agents_v2/backend/app/services/a2a.py	776	1781644770	2026-06-16T21:19:30Z	7a30cf98c0d965428c2e9b15fba2dd547a4dc61137ee7a6949dc4406a6865875	true	
00340__storage_emulated_0_founder_elite_qra_tier_zero_agents_v2_founder_elite_qra_tier_zero_agents_v2_backend_app_services_auto	/storage/emulated/0/founder_elite_qra_tier_zero_agents_v2/founder_elite_qra_tier_zero_agents_v2/backend/app/services/autonomy.py	1632	1781644770	2026-06-16T21:19:30Z	69913f588a1461d21cccdac2d1c0279b8098a2d6a3f84d603301f22569efdd92	true	
00341__storage_emulated_0_founder_elite_qra_tier_zero_agents_v2_founder_elite_qra_tier_zero_agents_v2_backend_app_services_eval	/storage/emulated/0/founder_elite_qra_tier_zero_agents_v2/founder_elite_qra_tier_zero_agents_v2/backend/app/services/evaluator.py	1126	1781644770	2026-06-16T21:19:30Z	183e70afa4529ddc401e9ab071904ba05d5b8adefbe454b9bfe754d99541293b	true	
00342__storage_emulated_0_founder_elite_qra_tier_zero_agents_v2_founder_elite_qra_tier_zero_agents_v2_backend_app_services_exec	/storage/emulated/0/founder_elite_qra_tier_zero_agents_v2/founder_elite_qra_tier_zero_agents_v2/backend/app/services/executor.py	1571	1781644770	2026-06-16T21:19:30Z	ff4a747d9d98ea146b514bbe18fcba28aa1ca898de6bdc3e045244c6e3d0ad58	true	
00343__storage_emulated_0_founder_elite_qra_tier_zero_agents_v2_founder_elite_qra_tier_zero_agents_v2_backend_app_services_logg	/storage/emulated/0/founder_elite_qra_tier_zero_agents_v2/founder_elite_qra_tier_zero_agents_v2/backend/app/services/logging_service.py	677	1781644770	2026-06-16T21:19:30Z	01e17ba50dc00f0fe35d12dee2b097ff7e500b2bf52764cfb32ba9a34e1efdc2	true	
00344__storage_emulated_0_founder_elite_qra_tier_zero_agents_v2_founder_elite_qra_tier_zero_agents_v2_backend_app_services_memo	/storage/emulated/0/founder_elite_qra_tier_zero_agents_v2/founder_elite_qra_tier_zero_agents_v2/backend/app/services/memory.py	708	1781644770	2026-06-16T21:19:30Z	a0a25a7a54fba7e6bf4acc356e006a5a964e0356c3f09293b2db52117b95a852	true	
00345__storage_emulated_0_founder_elite_qra_tier_zero_agents_v2_founder_elite_qra_tier_zero_agents_v2_backend_app_services_mode	/storage/emulated/0/founder_elite_qra_tier_zero_agents_v2/founder_elite_qra_tier_zero_agents_v2/backend/app/services/model_router.py	2541	1781644770	2026-06-16T21:19:30Z	98a880b0e83b1176dfac1a06c3c3c0821857aaae4236460dc9c427dfd82130ea	true	
00346__storage_emulated_0_founder_elite_qra_tier_zero_agents_v2_founder_elite_qra_tier_zero_agents_v2_backend_app_services_oper	/storage/emulated/0/founder_elite_qra_tier_zero_agents_v2/founder_elite_qra_tier_zero_agents_v2/backend/app/services/operator.py	2220	1781644770	2026-06-16T21:19:30Z	7b725b51eb33938a8d90dacba8e458912a83bfd4a195944a60b8299f11dcf6d1	true	
00347__storage_emulated_0_founder_elite_qra_tier_zero_agents_v2_founder_elite_qra_tier_zero_agents_v2_backend_app_services_path	/storage/emulated/0/founder_elite_qra_tier_zero_agents_v2/founder_elite_qra_tier_zero_agents_v2/backend/app/services/pathing.py	368	1781644770	2026-06-16T21:19:30Z	6d481979563f258cee1423ab1d857f0fffc3bc646ab803f7ef7057415fc38284	true	
00348__storage_emulated_0_founder_elite_qra_tier_zero_agents_v2_founder_elite_qra_tier_zero_agents_v2_backend_app_services_plan	/storage/emulated/0/founder_elite_qra_tier_zero_agents_v2/founder_elite_qra_tier_zero_agents_v2/backend/app/services/planner.py	3080	1781644770	2026-06-16T21:19:30Z	a8e33d802ce945e6719adc89e21d54bfcfe5061dc2b88189388daa6c9457ac4b	true	
00349__storage_emulated_0_founder_elite_qra_tier_zero_agents_v2_founder_elite_qra_tier_zero_agents_v2_backend_app_services_poli	/storage/emulated/0/founder_elite_qra_tier_zero_agents_v2/founder_elite_qra_tier_zero_agents_v2/backend/app/services/policy.py	1220	1781644770	2026-06-16T21:19:30Z	cee2d5769078ee59b107a3659dc79f85591bb0d6918c5d81f160dc7553e7c28f	true	
00350__storage_emulated_0_founder_elite_qra_tier_zero_agents_v2_founder_elite_qra_tier_zero_agents_v2_backend_app_services_rout	/storage/emulated/0/founder_elite_qra_tier_zero_agents_v2/founder_elite_qra_tier_zero_agents_v2/backend/app/services/router.py	1687	1781644770	2026-06-16T21:19:30Z	76632f20856c07306ff30348a733956a37c1ff89d5b85f9dbce6cd08ef09b7aa	true	
00351__storage_emulated_0_founder_elite_qra_tier_zero_agents_v2_founder_elite_qra_tier_zero_agents_v2_backend_app_services_tool	/storage/emulated/0/founder_elite_qra_tier_zero_agents_v2/founder_elite_qra_tier_zero_agents_v2/backend/app/services/tools.py	5507	1781644770	2026-06-16T21:19:30Z	af2f1d39b5830f088b682d936cf675fe4d5ea4c6a772524d57e42920de44a152	true	
00352__storage_emulated_0_founder_elite_qra_tier_zero_agents_v2_founder_elite_qra_tier_zero_agents_v2_backend_scripts_smoke_tes	/storage/emulated/0/founder_elite_qra_tier_zero_agents_v2/founder_elite_qra_tier_zero_agents_v2/backend/scripts/smoke_test.py	2299	1781644770	2026-06-16T21:19:30Z	e38f7a61fed0bf181f14b172fb075a5327824aa1bf7a121d9799cf550205efab	true	
00353__storage_emulated_0_founder_elite_qra_tier_zero_agents_v2_founder_elite_qra_tier_zero_agents_v2_backend_tests_test_api.py	/storage/emulated/0/founder_elite_qra_tier_zero_agents_v2/founder_elite_qra_tier_zero_agents_v2/backend/tests/test_api.py	2348	1781644770	2026-06-16T21:19:30Z	75631c81f742e76bcafbfedd7bc73383548b66217b13d597943dde64de75e375	true	
00354__storage_emulated_0_founder_elite_qra_tier_zero_agents_v2_founder_elite_qra_tier_zero_agents_v2_backend_tests_test_policy	/storage/emulated/0/founder_elite_qra_tier_zero_agents_v2/founder_elite_qra_tier_zero_agents_v2/backend/tests/test_policy.py	463	1781644770	2026-06-16T21:19:30Z	1ec8e7bf7d247854e54d03c4f4c72d7f2e78956d2f11b472f47f5ad655192f5a	true	
00355__storage_emulated_0_founder_elite_qra_tier_zero_agents_v2_founder_elite_qra_tier_zero_agents_v2_frontend_package.json	/storage/emulated/0/founder_elite_qra_tier_zero_agents_v2/founder_elite_qra_tier_zero_agents_v2/frontend/package.json	413	1781644770	2026-06-16T21:19:30Z	cfcde87cc0dfa46d45ba2c1e6694cdd87452a95993b5f0d4e4af07d9c2b4530c	true	
00356__storage_emulated_0_founder_elite_qra_tier_zero_agents_v2_founder_elite_qra_tier_zero_agents_v2_marketplace_agent_manifes	/storage/emulated/0/founder_elite_qra_tier_zero_agents_v2/founder_elite_qra_tier_zero_agents_v2/marketplace/agent_manifest.json	1122	1781644770	2026-06-16T21:19:30Z	cde9f726926234c6abd7e60ffd5f6256e504566fa1db55c95addd413d5ab5595	true	
00357__storage_emulated_0_miss_vale_prime_and_agents_prime_agent.py	/storage/emulated/0/miss_vale_prime_and_agents/prime_agent.py	4051	1783662394	2026-07-10T05:46:34Z	887c76a270d66887f0449b2471335a1beea1bc24d43bf9130a3e2336018c9a9a	true	
00358__storage_emulated_0_shadowforge_shadowforge_backend_app_main.py	/storage/emulated/0/shadowforge/shadowforge/backend/app/main.py	162	1781620297	2026-06-16T14:31:37Z	b6aaecb1ee72d62d8344fd6ee3d9504d7193e4eb88860447e60ce28be5717556	true	
00359__storage_emulated_0_wake_agent_zip_wake-agent-fixed_wake-agent-fixed_app_main.py	/storage/emulated/0/wake agent zip/wake-agent-fixed/wake-agent-fixed/app/main.py	2051	1775727559	2026-04-09T09:39:19Z	5c5d11edc45424800026b7fcaf3de6481d8c7588d8ac3c764ffc17f04cd6d031	true	
00360__storage_emulated_0_wake_agent_zip_wake-agent-fixed_wake-agent-fixed_app_store.py	/storage/emulated/0/wake agent zip/wake-agent-fixed/wake-agent-fixed/app/store.py	1049	1775727559	2026-04-09T09:39:19Z	a797c09e2d0e97430b005230b60ca311ae969683b670b42a44cde598848efd8b	true	
00361__storage_emulated_0_wake_agent_zip_wake-agent-fixed_wake-agent-fixed_worker.py	/storage/emulated/0/wake agent zip/wake-agent-fixed/wake-agent-fixed/worker.py	2158	1775727559	2026-04-09T09:39:19Z	e8436067b78a916bbbb59d2587d3ff065150ff7e60421c884f525f4240de1f86	true	
